,X,X_id,date_publish,language,source_domain,url,month,year,language_translated,maintext_translated,title_translated,country,sarah_russia_related,sarah_russia_sentiment,sarah_topic,donald_russia_related,donald_sentiment_recoding,donald_topic,agree_russia,agree_sentiment,agree_topic,GPT_Russian_Involvement,GPT_Sentiment,GPT_Topic,GPT_Agreement_Russian_Involvement,GPT_Agreement_Sentiment,GPT_Agreement_Topic,GPT_Russian_Involvement,GPT_Sentiment,GPT_Topic,GPT_Agree_R,GPT_Agree_S,GPT_Agree_T
0,79,6407b9d65cf94604ae94dfe3,9/21/2021 4:38,ro,timpul.md,https://timpul.md/articol/plahotniuc-ilan-sor-si-veaceslav-platon-nu-figureaza-in-listele-persoanelor-anuntate-in-cautare-de-interpol-166619.html,9,2021,en,"The first request to Interpol on Plahotnic's announcement of international search came from the Russian Federation, which accuses him of organizing a criminal group, money laundering and drug smuggling in very large proportions.","Plahotnic, Ilan Hór and Veacelav Platon are not listed in the lists of people who have been notified to search for Interpol",Moldova,yes,-1,economic,yes,0,economic,TRUE,TRUE,TRUE,yes,-1,political,TRUE,FALSE,FALSE,yes,0,political,TRUE,FALSE,TRUE
1,72,62ff4d6b430a87f73dd1068e,10/22/2021 11:23,tr,diken.com.tr,https://www.diken.com.tr/kate-beckinsale-yuksek-iq-kariyerimde-handikap-oldu/,10,2021,en,"The British actress Kate Beckinsale explained that having a high IQ is a handicap in her career in Hollywood. Photo: Reuters. The country's world-famous prestigious educational institution, Beckinsale, who left French and Russian literature for acting in the third grade at Oxford University, explained that the IQ score was 152.",Kate Beckinsale: A handicap in my high IQ career,Turkey,no,0,culture,no,0,culture,TRUE,TRUE,TRUE,no,0,culture,TRUE,TRUE,TRUE,no,0,culture,TRUE,TRUE,TRUE
2,431,632d29852cc5f09f0ab51eda,2/15/2022 12:34,hu,demokrata.hu,https://demokrata.hu/vilag/peking-felelotlenseg-hangulatkelto-kijelenteseket-tenni-ukrajna-kapcsan-488420/,2,2022,en,"On Tuesday, the spokesperson of the Chinese Ministry of Foreign Affairs said that it was irresponsible to make sentimental statements about the situation in Ukraine after the G7 group of the world's most advanced industrialised countries proposed economic sanctions against Russia on Monday in case of attacking Ukraine. Vang Ven-pin at a press conference called on the parties to create the necessary conditions in a fair and open manner for the political settlement of the situation.",Beijing: irresponsible to make moody statements about Ukraine,Hungary,yes,1,economic,yes,0,political,TRUE,TRUE,FALSE,yes,0,political,TRUE,TRUE,TRUE,yes,0,political,TRUE,TRUE,TRUE
3,4458,624756fef13d32109aad0677,2/28/2022 14:15,ru,pravda.com.ua,https://www.pravda.com.ua/news/2022/02/28/7326828/,2,2022,en,"Mr. Sergius Schoig, the Russian Defense Secretary, followed by Russian President Volodymir Putien, who also managed Raketnih, the Russian Federation, to the service of the powerful warehouse.","Schoigou, like the Viconaw punishment of Putin.",Ukraine,yes,0,political,yes,0,political,TRUE,TRUE,TRUE,yes,0,military,TRUE,TRUE,FALSE,yes,0,military,TRUE,TRUE,TRUE
4,5094,63e58c379e33bcc0ca835937,5/2/2022 18:00,ru,zerkalo.az,https://zerkalo.az/indijskaya-tata-steel-otkazalas-ot-uglya-iz-rossii/,5,2022,en,"The Indian Tata Steel, which is one of the top ten steel companies in the world, has decided to stop imports of coal from Russia. According to the British newspaper Financial Times (FT), this is due to the reluctance of the steel company to be subject to Western sanctions.",Indian Tata Steel abandoned coal from Russia,Azerbaijan,yes,-1,economic,yes,-1,economic,TRUE,TRUE,TRUE,yes,-1,economic,TRUE,TRUE,TRUE,yes,0,economic,TRUE,FALSE,TRUE
5,2049,632bd8c8f0f033903a3200a3,3/6/2022 13:01,hu,168.hu,https://168.hu/kulfold/tobb-mint-ketezer-ukran-katonai-infrastuktura-megsemmisiteserol-szamolt-be-oroszorszag-228522,3,2022,en,"According to the Russians, Ukraine was a few months away from having its own nuclear weapon. Since the beginning of the war against Ukraine, the Russian forces have destroyed 2203 objects of Ukrainian military infrastructure. On Sunday, Maj-Gen Igor Konasenkov, spokesperson of the Russian Ministry of Defence.... Konasenkov said that ten Ukrainian fighters, combat helicopters and six drones have been destroyed in the last day and that",Russia reported on the destruction of more than two thousand Ukrainian military infrastructure,Hungary,yes,1,military,yes,1,military,TRUE,TRUE,TRUE,yes,-1,military,TRUE,FALSE,TRUE,yes,-1,military,TRUE,TRUE,TRUE
6,1324,63e1f20bd42c551a055f64f4,11/5/2021,en,azeritimes.com,https://azeritimes.com/2021/11/25/bloomberg-opec-expects-released-oil-stockpiles-to-create-oversupply-in-market/,11,2021,en,"OPEC expects that oil stockpiles released by consuming nations could massively swell the surplus in global markets, Report informs referring to Bloomberg.
The projections from OPEC’s advisory body – the Economic Commission Board – come a week before the group and its allies meet to decide whether to increase production.
Some delegates from the Organization of Petroleum Exporting Countries and its partners have indicated they could cancel an output hike scheduled for January if inventories deployed by the US and others overwhelm the market. The ECB’s projections would bolster the case of countries lobbying for such a pause.
The excess in world markets would expand by 1.1 million barrels a day in January and February to 2.3 million and 3.7 million a day, respectively, if 66 million barrels are injected over the two-month period, according to a document obtained by Bloomberg.
President Joe Biden orchestrated the multi-national stockpile release announced on November 23 to calm raging gasoline prices after OPEC+ – led by Saudi Arabia and Russia – ignored calls to revive production more quickly.
The 23-nation OPEC+ coalition is due to meet on December 1 and 2 to decide whether to add 400,000 barrels a day in January as it continues to revive supplies halted during the pandemic.
Subscribe to our Twitter page",Bloomberg: OPEC expects released oil stockpiles to create oversupply in market,Azerbaijan,no,0,economic,no,0,economic,TRUE,TRUE,TRUE,no,0,economic,TRUE,TRUE,TRUE,no,0,economic,TRUE,TRUE,TRUE
7,787,63e43d6a09467b8e20d57325,4/13/2022,az,abzas.org,https://abzas.org/2022/4/zelenski-medvedcuku-rusiya-%C9%99sirliyind%C9%99ki-ukraynalilarla-d%C9%99yism%C9%99yi-t%C9%99klif-edir%C9%99m/,4,2022,en,"The President of Ukraine Volodymyr Zelenskiy suggested to the Russian authorities to exchange the MP Viktor Medvedchuk, who was arrested yesterday, with captured Ukrainians. The President of Ukraine Volodymyr Zelensky announced this in his video address on April 12 on the Telegram channel. Zelensky called Medvedchuk's use of military camouflage to hide ""special shamelessness"": I suggest to exchange him with our boys and girls in Russian captivity. It is important that the Russian law enforcement agencies and the military take this possibility into account.""","Zelensky: ""I propose to exchange Medvedchuk for Ukrainians in Russian captivity""",Azerbaijan,yes,0,military,yes,0,political,TRUE,TRUE,FALSE,yes,0,political,TRUE,TRUE,TRUE,yes,0,political,TRUE,TRUE,TRUE
8,9943,651488dc6df8fb60784dbea7,6/29/2022 22:01,sq,botasot.info,https://www.botasot.info/bota/1833527/luftetaret-rebele-te-perfshire-ne-shkembimin-e-te-burgosurve/,6,2022,en,"Today it was reported on the exchange of prisoners who seem to have occurred among the warring parties today, and earlier we reported that Ukraine had claimed to have taken 144 soldiers from Russia, many of them with serious injuries; now, the head of Russia's self - proclaimed People's Republic of Donentsk, Ukraine, said: ""By writing on the telegram, Dennis Pushilin, the head of the self - proclaimed Donetsk People's Republic, he said",Rebellious warriors involved in the exchange of prisoners!,Kosovo,yes,0,military,yes,0,military,TRUE,TRUE,TRUE,yes,0,military,TRUE,TRUE,TRUE,yes,0,military,TRUE,TRUE,TRUE
9,725,629d13ceccfe40f7f9ebde80,5/18/2022 14:59,sq,gazetatema.net,https://english.gazetatema.net/kosovo-region/where-to-next-western-balkans-i327026,5,2022,en,"While Europe and the world are represented with Russia's war in Ukraine, one EU project that has been dragging on for years has been long ago: input in the Balkans.","Where to Next, Western Balkans?",Albania,yes,-1,political,yes,0,political,TRUE,TRUE,TRUE,yes,0,political,TRUE,TRUE,TRUE,yes,0,political,TRUE,TRUE,TRUE
10,7553,62d84c5c485b7d360a52d09f,6/20/2022 13:59,ru,pravda.com.ua,https://www.pravda.com.ua/news/2022/06/20/7353590/,6,2022,en,"Governor Bryanko of the Russian Federation, Oleksandr Bogaz, a song by 20 more worms of the venison of the ZSU, was pelted with celiacity.",The zombie caught the ZSU in her village.,Ukraine,yes,0,other,yes,0,other,TRUE,TRUE,TRUE,yes,-1,military,TRUE,FALSE,FALSE,yes,0,other,TRUE,FALSE,FALSE
11,1598,628c9d2680d31e4433164513,2/23/2022 6:22,hy,azatutyun.am,https://www.azatutyun.am/a/31717947.html,2,2022,en,"Some Western countries have declared themselves against Russia, after the independence of the independent states of Donetske and Lugansky from Moscow.",Western countries declared the measures against Russia,Armenia,yes,-1,political,yes,-1,political,TRUE,TRUE,TRUE,yes,-1,political,TRUE,TRUE,TRUE,yes,-1,political,TRUE,TRUE,TRUE
12,119,63e59db79e33bcc0ca838173,8/5/2021 8:09,ru,zerkalo.az,https://zerkalo.az/letom-my-vam-a-zimoj-vy-nam-eksperty-o-vozobnovlenii-sezonnogo-obmena-gazom-mezhdu-rossiej-i-azerbajdzhanom/,8,2021,en,"Azerbaijan will resume the procurement of Russian gas, suspended from 2019, in particular until 2023 Azerbaijan will supply gas to Russia in summer and the Russian Federation to Azerbaijan in winter. The terms and conditions of the contract are not disclosed by the parties.","In summer we are to you, and in winter you are to us experts on the resumption of the seasonal exchange of gas between Russia and Azerbaijan.",Azerbaijan,yes,1,economic,yes,1,economic,TRUE,TRUE,TRUE,yes,0,economic,TRUE,FALSE,TRUE,yes,0,economic,TRUE,TRUE,TRUE
13,382,63c6133271851a482c5f5891,6/15/2022,ru,diapazon.kz,https://diapazon.kz/news/116827-druzhba-mezhdu-kazahstanom-i-rossiei-dolzhna-bit-vechnoi---tokaev,6,2022,en,"Read also: During the events of January, I was advised to leave Kazakhstan - Tokaev Entrance to reset the password Register if you are a new user Tuesday, 17 January in Aktobe - 17°, clear exchange rates US$ 462.69 • I 500.63 • ~ 6.76 Slaughters and ammunition sold to bandits and extremists in Kazakhstan",The friendship between Kazakhstan and Russia must be eternal - Tokaev,Kazakhstan,yes,1,political,yes,1,political,TRUE,TRUE,TRUE,yes,1,political,TRUE,TRUE,TRUE,yes,1,political,TRUE,TRUE,TRUE
14,1452,627d7f84dd894d3c8b3d2e6b,4/6/2022 7:49,tr,posta.com.tr,https://web.archive.org/web/20220406055115/https://www.posta.com.tr/dunya/turk-buyukelciligi-kieve-geri-dondu-2508203,4,2022,en,"Following Russia's operations against Ukraine, Turkey, which temporarily transports embassy activities to Chernivtsi for security purposes, is again Kiev...",Turkish Embassy returns to Kiev,Turkey,yes,0,political,yes,0,political,TRUE,TRUE,TRUE,yes,0,political,TRUE,TRUE,TRUE,yes,0,political,TRUE,TRUE,TRUE
15,1076,6284357ad8c6f4df8866d8da,2/1/2022 5:30,tr,sozcu.com.tr,https://www.sozcu.com.tr/2022/ekonomi/rusya-cin-ve-iran-dolari-tercih-etti-6923772/,2,2022,en,"Russia preferred China and Iran. Turkey's local money and trade goal as leverage against the West. In foreign trade, the share of dollars and euros found 90 per cent. Grow the articles.","Russia, China and Iran preferred dollars",Turkey,yes,0,economic,yes,0,economic,TRUE,TRUE,TRUE,yes,0,economic,TRUE,TRUE,TRUE,yes,0,economic,TRUE,TRUE,TRUE
16,1913,61d3860020b2acf70ccae750,10/24/2021 0:33,ru,pravda.com.ua,https://www.pravda.com.ua/rus/news/2021/10/24/7311467/,10,2021,en,"Russian Gazprom may stop supplying gas to Moldova if Kishinev does not pay the debt and does not agree on the terms of the new contract as of 1 December. The source: Gazprom spokesman Sergei Kupriyanov quotes DW. The direct speech reads: ""On the other hand, the representatives of Moldova are somehow reluctant to recognize the accumulated amount of debt.",Gazprom threatened Moldova with a gas stop.,Ukraine,yes,0,economic,yes,0,economic,TRUE,TRUE,TRUE,yes,-1,economic,TRUE,FALSE,TRUE,yes,-1,economic,TRUE,TRUE,TRUE
17,3032,632d55065d6bd0f3ecb09089,8/22/2022,hu,hvg.hu,https://hvg.hu/gazdasag/20220822_Milyen_ukrajnai_menekultnek_lenni_Oroszorszagban,8,2022,en,"Not only are they fleeing from the war in the western direction of Ukraine, but they also flee to the east, often not by their own will, the German report of Der Spiegel reveals.. Everything is better than to lie dead in Mariupol, in the 22-year-old Valerija Korbonova, who was transported by the Russians to the Chinese border. Before the war he worked in a cosmetic salon.. After the siege, the",What's it like to be a Ukrainian refugee in Russia?,Hungary,yes,-1,other,yes,0,other,TRUE,TRUE,TRUE,yes,0,culture,TRUE,TRUE,FALSE,yes,0,other,TRUE,TRUE,FALSE
18,1176,62fda75f976f12e519ed1be6,1/18/2022 23:27,tr,t24.com.tr,"https://t24.com.tr/haber/uzmanlar-yorumluyor-erdogan-in-rusya-kirim-a-coktu-sozleri-ne-sonuc-dogrurabilir-israil-acilimi-ne-anlama-geliyor,1009000",1,2022,en,"Aydın Sezer, Karel Valansi and Soli Special have evaluated to T24... AKP President and President Recep Tayyip Erdogan have issued important signals about Turkey's foreign policy. Erdoğan has stated that Turkey had collapsed in 2014, when the Balkan country was reporting to journalists on its return from Albania.","Experts are commenting on Erdoğan's words, ""Russia has fallen into Crimea,"" what could be the result, and what does Israel's expansion mean?",Turkey,no,0,political,no,0,political,TRUE,TRUE,TRUE,yes,0,political,FALSE,TRUE,TRUE,yes,0,political,TRUE,TRUE,TRUE
19,713,615fd90ea2bbe2e98868b1f8,9/20/2021 0:00,uk,pravda.com.ua,https://www.pravda.com.ua/news/2021/09/20/7307746/,9,2021,en,"The U.N. Foreign Minister Peter Siyarto, who plans to participate in the fall session of 76 G.N.a., may not be there because he was vaccinated by the Russian Sputnik V. As reported in European Truth, he writes the Hungarian edition of Nepszava. The Minister was vaccinated in March by a Russian vaccine, which he reported on at his own time.","The head of the ISS Hungary may not be on the United Nations Genacombium because of the vaccine of ""Sputnik V.""",Ukraine,no,-1,other,no,-1,other,TRUE,TRUE,TRUE,yes,0,political,FALSE,FALSE,FALSE,yes,0,other,TRUE,TRUE,FALSE
20,3874,632add27895e1cb5fa96cd40,8/31/2022 14:01,ru,golosarmenii.am,https://golosarmenii.am/article/157220/mid-rf-ne-v-kurse-kontaktov-s-turciej-po-voprosu-«zangezurskogo-koridora»,8,2022,en,"She said that the working group should agree on a ""pack decision on specific routes based on the principle of respect for the sovereignty of Armenia and Azerbaijan and working for the security and economic well-being of the South Caucasus."" Earlier, the Deputy Minister of Trade of Turkey, the head of the Customs Department Resu Touna Turagaya, stated that Turkey and Russia were negotiating at a high level to open the ""Zangezura Corridor""","The Ministry of Foreign Affairs of the Russian Federation is not aware of contacts with Turkey on the ""Zangezour corridor""",Armenia,yes,0,political,yes,0,political,TRUE,TRUE,TRUE,yes,0,political,TRUE,TRUE,TRUE,yes,0,political,TRUE,TRUE,TRUE
21,1643,62841255d8c6f4df8866957f,3/17/2022 11:10,tr,sozcu.com.tr,https://www.sozcu.com.tr/2022/ekonomi/dolar-kac-tl-1-dolar-ne-kadar-17-mart-2022-7016232/,3,2022,en,How much is a dollar? How much is a dollar? $1.1? $17.2022 is processed at $14.68 on Thursday (March 17th). The dollar started at $14.60 a day and completed last week in the shadow of the Russian Ukrainian war. The dollar completed its day with a 0.45% loss in the face of the Turkish lira. Grow the articles.,How much is a dollar? How much is a dollar?,Turkey,no,0,economic,no,0,economic,TRUE,TRUE,TRUE,no,0,other,TRUE,TRUE,FALSE,no,0,other,TRUE,TRUE,TRUE
22,3919,62718602c401db38a8ea3b7e,4/4/2022 13:50,sq,panorama.com.al,http://www.panorama.com.al/vladimir-putin-uron-vucic-per-fitoren-ne-zgjedhjet-presidenciale-ne-serbi-do-forcojme-partneritetin-mes-dy-vendeve/,4,2022,en,"Russian President Vladimir Putin has congratulated his Serbian counterpart Aleksandar Vucic after winning yesterday's presidential elections. According to local media Putin has responded with a message to Telegram, he expects his work at the head of the state to continue to contribute to the strengthening of strategic partnerships that exist between the two states. I expect that your work at the head of state will continue to contribute to the strengthening of strategic partnerships that exist between our two countries. This is certainly in the interest",Vladimir Putin congratulates Vucic for victory in presidential elections in Serbia: We Will Strengthen Partnership Between Two Countries,Albania,yes,1,political,yes,1,political,TRUE,TRUE,TRUE,yes,1,political,TRUE,TRUE,TRUE,yes,1,political,TRUE,TRUE,TRUE
23,2028,65125d6d582564317fd10c0f,2/5/2022 13:35,sq,botasot.info,https://www.botasot.info/evrope-bota/1755683/pse-evropes-nuk-i-degjohet-zeri-mbi-krizen-rusi-ukraine/,2,2022,en,"As EU High Representative Josep Borrell has complained aloud, Europe is excluded from the table where negotiations are under way on resolving the Russia-Ukrainian crisis.",Why doesn't Europe hear the sound on the Russia-Ukrainian crisis?,Kosovo,yes,0,political,yes,0,political,TRUE,TRUE,TRUE,yes,0,political,TRUE,TRUE,TRUE,yes,0,political,TRUE,TRUE,TRUE
24,3948,6306f32dba9d8b3abc64dc86,6/21/2022 14:39,ru,nashaniva.by,https://nashaniva.com/ru/293946,6,2022,en,"There was a period of economic turbulence in the world, as announced by Prime Minister Roman Golovchenko of Belarus during the meeting of the enlarged Eurasian Intergovernmental Council, a photo by Belta, ""The situation in the world economy has changed. A new and apparently long-term period of economic turbulence has begun.",Golovchenko stated that the declared economic war was a serious challenge to Belarus and Russia.,Belarus,no,0,economic,no,0,economic,TRUE,TRUE,TRUE,yes,-1,economic,FALSE,FALSE,TRUE,yes,-1,economic,TRUE,TRUE,TRUE
25,3269,62fdb015976f12e519ed30ec,3/4/2022 7:11,tr,t24.com.tr,"https://t24.com.tr/haber/canli-blog-rus-havan-toplari-nedeniyle-ukrayna-itfaiyesi-yanan-nukleer-santrale-mudahaleye-gitmekte-zorlandi,1018749",3,2022,en,"Here are the latest minute updates. T24 Foreign News. Due to Russia's attacks, a fire broke out at the Zaporijya Nuclear Plant, the largest nuclear plant in Europe. Firefighters managed to put out the fire as a result of continued intervention until sunrise. Russia's Permanent Representative to the United Nations (UN) Geneva Office, Gennady Gatilov, said they supported the meeting of foreign ministers in Turkey.",Russia: We support Turkey's idea of meeting Russian and Ukrainian foreign ministers in Antalya,Turkey,yes,-1,military,yes,0,military,TRUE,TRUE,TRUE,yes,0,political,TRUE,TRUE,FALSE,yes,0,political,TRUE,TRUE,TRUE
26,1759,641b98eeddef10c074c24f1b,4/25/2022 13:52,ro,timpul.md,https://timpul.md/articol/kiev-nu-exista-niciun-acord-cu-rusia-asupra-unui-coridor-umanitar-din-azovstal.html,4,2022,en,"There is no agreement between Ukraine and Russia on the establishment of a human corridor that will allow the evacuation of civilians blocked together with Ukrainian soldiers in the Azovstal metallic complex in Maripulol, southern Ukraine, to",Kiev: There is no agreement with Russia on a human corridor in Azovstal,Moldova,yes,-1,military,yes,-1,military,TRUE,TRUE,TRUE,yes,0,political,TRUE,FALSE,FALSE,yes,0,military,TRUE,TRUE,FALSE
27,3253,651250e3582564317fd0ee2b,3/16/2022 12:44,sq,botasot.info,https://www.botasot.info/bota/1778686/rusia-e-gatshme-te-bisedoje-me-shba-kjo-eshte-deklarata-e-radhes-e-peskovit/,3,2022,en,"Russian President Vladimir Putin has not spoken with US counterpart Joe Biden since the beginning of the war in Ukraine, but contact between the two leaders can resume if necessary, said Kremlin on Wednesday. ""If necessary, contacts [between Biden and Putin] can resume,"" Kremlin spokesman Dmitry Peskov told reporters at his regular conference, CNN writes, bota forwards today",Russia ready to talk to US/This is Peskov's next statement,Kosovo,yes,0,political,yes,0,political,TRUE,TRUE,TRUE,yes,0,political,TRUE,TRUE,TRUE,yes,0,political,TRUE,TRUE,TRUE
28,1202,6329f7c112cdeb858343f03f,5/16/2022 6:19,hu,24.hu,https://24.hu/kulfold/2022/05/16/orosz-ukran-haboru-zelenszkij-putyin-mariupol-finnorszag-svedorszag-elo-percrol-percre/#a-kreml-szovivoje-pontositott-az-orosz-kulugyminiszter-helyettes-fenyegetesen,5,2022,en,"As a result of negotiations with representatives of Ukrainian soldiers surrounded by the steel factory Azovstal in Mariupoli, the Russian Ministry of Defence announced on Monday afternoon that a weapons relief was in place in the company and a humanitarian corridor was opened to transport wounded Ukrainian soldiers to a medical facility in Novoazovsk, in the People's Republic of Donetsk, where all the necessary assistance was promised.",Turkey vetoes the accession of Sweden and Finland to NATO,Hungary,yes,1,military,yes,1,military,TRUE,TRUE,TRUE,yes,0,military,TRUE,FALSE,TRUE,yes,0,military,TRUE,TRUE,TRUE
29,3890,632a504b6213d6bff6b693a3,7/11/2022,hy,168.am,https://168.am/2022/07/11/1731761.html,7,2022,en,Armen Govorgian delivered a speech on 11 July at the International Conference of Cooperation between the National Assembly of the Republic of Haiti and the Dasana Congregation of the Russian Federation.,"""The key to the success of military operations is time-consuming information support.""",Armenia,yes,0,military,yes,0,military,TRUE,TRUE,TRUE,yes,0,military,TRUE,TRUE,TRUE,yes,0,military,TRUE,TRUE,TRUE
30,9994,634717dbdeac534456ac5b42,8/12/2022 15:14,uk,pravda.com.ua,https://www.pravda.com.ua/news/2022/08/12/7362994/,8,2022,en,"From the coast of the occupied Maripolo, families of Russian troops were removed after the explosions in the Crimea, and the source was the adviser to the mayor of Mariupol Peter Andrünchenko in Telegram.",Mariopolis: Russia removes its military families from the city,Ukraine,yes,0,military,yes,0,military,TRUE,TRUE,TRUE,yes,0,military,TRUE,TRUE,TRUE,yes,0,military,TRUE,TRUE,TRUE
31,3469,629c5185f1f860762878d83a,3/30/2022,hy,1in.am,https://www.1in.am/3090804.html,3,2022,en,The French president Emmanuel Macroon was thinking about having a new phone call this week with Russian leader Vladimir Putin on March 30 about it.,Makrónisos had decided to contact Putin again,Armenia,yes,0,political,yes,0,political,TRUE,TRUE,TRUE,yes,0,political,TRUE,TRUE,TRUE,yes,0,political,TRUE,TRUE,TRUE
32,1316,632be0832cc5f09f0ab40e96,4/18/2022 18:40,hu,demokrata.hu,https://demokrata.hu/vilag/mariupol-es-a-mitoszgyartas-521441/,4,2022,en,"The Ukrainians have already compared it to Leningrad and Stalingrad's heroic defenders, while the Russians ask for it. The city on the coast of the Azov Sea has really suffered for the last fifty days and its defenders have been bravely strong. Mariupol is neither Leningrad nor Stalingrad. Just as Bucsa is neither Katiny.",Mariupol and myth production,Hungary,yes,-1,culture,yes,0,culture,TRUE,TRUE,TRUE,yes,0,culture,TRUE,TRUE,TRUE,yes,0,military,TRUE,TRUE,FALSE
33,6669,62b0e7d613a27197c92e1ba6,6/11/2022 18:38,sr,danas.rs,https://www.danas.rs/svet/nikaragva-dozvoljava-ulazak-ruskih-trupa-aviona-brodova-marija-zaharova-kaze-da-je-odluka-rutinska/,6,2022,en,"Nicaraguan President Daniel Ortega's government has approved the deployment of Russian troops, planes and ships in Nicaragua. and searches in emergencies or natural disasters. The Nicaraguan government also approved the presence of small contingents of Russian troops to \""exchange experiences and train.\"" Russian Foreign Ministry spokeswoman Maria Zakharova told Russia's Sputnik that the decision was Nicaraguan","Nicaragua allows the entry of Russian troops, planes, ships; Marija Zaharova says the decision is \""routine\""",Serbia,yes,1,military,yes,1,military,TRUE,TRUE,TRUE,yes,0,military,TRUE,FALSE,TRUE,yes,0,military,TRUE,TRUE,TRUE
34,85,6408d9cd5ec3dd4afec1370b,11/17/2021 16:08,ro,tribuna.md,https://tribuna.md/2021/11/17/igor-dodon-in-calitate-de-presedinte-al-uniunii-de-afaceri-moldo-rusa-efectueaza-o-vizita-la-moscova/,11,2021,en,"The President of the Union of Moldova-Russia, Igor Dodon, is making a business visit to Moscow, where several important interviews have been planned, informs TRIBUNA of a communication from the social partners.The first destination of the agenda has been visited at the Foundation""","Igor Dodon, as President of the Russian-Russian Union, makes a visit to Moscow",Moldova,yes,0,political,yes,0,political,TRUE,TRUE,TRUE,yes,0,political,TRUE,TRUE,TRUE,yes,0,political,TRUE,TRUE,TRUE
35,1093,627d801add894d3c8b3d2ee6,3/22/2022 9:23,tr,posta.com.tr,https://web.archive.org/web/20220322064047/https://www.posta.com.tr/dunya/ukraynadaki-azov-taburu-rus-askerlerini-imha-etti-2502898,3,2022,en,Ukraine's Azov Battalion has released footage of a remote attack on Russian soldiers resting at the head of a tank.,Azov Battalion in Ukraine destroys Russian troops,Turkey,yes,0,military,yes,0,military,TRUE,TRUE,TRUE,yes,-1,military,TRUE,FALSE,TRUE,yes,-1,military,TRUE,TRUE,TRUE
36,1248,62fd42fc976f12e519ec2e5b,1/18/2022 12:31,tr,t24.com.tr,"https://t24.com.tr/haber/facebook-rusya-disisleri-bakanligi-na-bagli-sayfanin-engelini-kaldirdi,1008856",1,2022,en,"T24 Foreign News. Facebook has removed the obstacle to the Russian Foreign Ministry's page for gun control talks in Vienna. Russia's media control agency Roskomnadzor has reportedly sent a letter demanding the removal of the block to its owner, Meta, after the page was blocked last Friday due to ""sharing illegal content."" Roskomnadzor, the US social media giant, has blocked the page.",Facebook unblocks Russian Foreign Ministry page,Turkey,yes,0,political,yes,0,political,TRUE,TRUE,TRUE,yes,0,political,TRUE,TRUE,TRUE,yes,0,other,TRUE,TRUE,FALSE
37,606,632b2712f0f033903a317cc3,2/24/2022 9:38,hu,168.hu,https://168.hu/kulfold/orosz-ukran-haboru-a-brit-kulugyminiszter-227437,2,2022,en,"The British Foreign Minister, James Cleverly, announced that Russia could expect an unprecedented and coordinated sanction package, says the BBC. According to Cleverly, sanctions will be valid from Thursday and will be announced more and more in the next few days. These will be the biggest and most serious sanctions that Russia has ever seen, said Cleverly, who says the United Kingdom is clearly standing next to Ukraine and this will also be reported to the Ukrainian people in the next few days",Russian-Ukrainian War: tough reactions from British Foreign Minister,Hungary,yes,-1,economic,yes,-1,economic,TRUE,TRUE,TRUE,yes,-1,political,TRUE,TRUE,FALSE,yes,-1,economic,TRUE,TRUE,FALSE
38,3242,62b3cd01682b734b673c7ee5,3/25/2022 13:13,sr,danas.rs,https://www.danas.rs/svet/lavrov-zapad-protiv-rusije-vodi-hibridni-rat/,3,2022,en,"Russian Foreign Minister Sergei Lavrov accused Western countries of waging a real hybrid war against Russia. He called the current situation \""sanction lawlessness.\"" They declared a real hybrid war, a total war. The term, which was used by Hitler's Germany, is now used by European politicians, Lavrov said at a session of the Gorchakov Public Diplomacy Support Fund. stressed that the values ​​that Western countries \""constantly preached\"" were worthless. Follow us on our Fa",Lavrov: The West is waging a hybrid war against Russia,Serbia,yes,1,military,yes,1,military,TRUE,TRUE,TRUE,yes,-1,political,TRUE,FALSE,FALSE,yes,-1,political,TRUE,TRUE,TRUE
39,3545,62fd58be976f12e519ec5d41,3/30/2022 8:51,tr,t24.com.tr,"https://t24.com.tr/haber/selvi-erdogan-putin-ve-zelenski-ye-savasi-bitirecek-imzalari-attirabilirse-2023-secimlerinde-60-parti-bir-araya-gelse-yikamaz,1024347",3,2022,en,"""The name of the country in which Russia and Ukraine agreed on a war is Turkey, and the name of the leader Putin and Zelanski meeting at the same time is Erdogan."" Hurriyet writer Abdulkadir Selvi argued that President Recep Tayyip Erdogan would win in 2023 elections if Russian President Vladimir Putin and Ukrainian President Volodimir Zelenski could bring peace together. Selvi, Russia-Ukray.","Selvi: If Erdogan can get Putin and Zelenski to sign off on ending the war, 60 parties in the 2023 elections won't.",Turkey,yes,0,political,yes,0,political,TRUE,TRUE,TRUE,yes,0,political,TRUE,TRUE,TRUE,yes,0,political,TRUE,TRUE,TRUE
40,4441,62b0de1313a27197c92e0770,4/22/2022 12:27,sr,danas.rs,https://www.danas.rs/svet/region/komersant-dps-ponovo-postaje-jedna-od-kljucnih-snaga-u-crnoj-gori/,4,2022,en,"An agreement has been reached in Montenegro on the formation of a minority government, and although it will not include President Milo Djukanovic's Democratic Party of Socialists (DPS), the government can only exist with its support, writes today's Moscow daily Kommersant. In 2020, she was in power for 30 years \""again becoming one of the key forces in the country. Citing unnamed Western diplomatic sources, the paper states that this was significantly influenced by the current Ukrainian crisis. Kommersant writes that the leader of the\"" pro-Western movement It took Dritan Abazovic almost three months d",Kommersant: DPS is once again becoming one of the key forces in Montenegro,Serbia,no,0,political,no,0,political,TRUE,TRUE,TRUE,yes,0,political,FALSE,TRUE,TRUE,no,0,political,FALSE,TRUE,TRUE
41,2491,641ba33dddef10c074c255ab,5/23/2022 9:31,ru,timpul.md,,5,2022,en,"Among the myths of the Russian Middle Ages, the biggest fairy is the image of Alexander ""Nevsky."" Although it was canonized by the Kundya Orthodox Church, in fact, in the history of Moscow-Russia there is no prince who worked more in Ordu than Prince Alexander.","""Holy"" Alexander ""Nevsky"" was actually a satrap who killed Christians on the orders of Han Batya.",Moldova,yes,0,culture,yes,0,culture,TRUE,TRUE,TRUE,yes,-1,culture,TRUE,FALSE,TRUE,yes,-1,culture,TRUE,TRUE,TRUE
42,2704,64f790c7bed4296e79dd938d,5/27/2022 10:57,en,kyivindependent.com,https://kyivindependent.com/russians-say-occupied-parts-of-kherson-and-zaporizhzhia-oblasts-will-switch-to-russian-phone-code/,5,2022,en,"Kremlin-controlled news agency Ria Novosti reported, citing Russian occupiers in the regions, that a new mobile operator has begun working in the occupied territories and is now switching to the Russian telephone code +7.",Russians say occupied parts of Kherson and Zaporizhzhia oblasts will switch to Russian phone code.,Ukraine,yes,0,political,yes,0,political,TRUE,TRUE,TRUE,yes,0,other,TRUE,TRUE,FALSE,yes,0,other,TRUE,TRUE,TRUE
43,630,61e9ae1df07471d9945a4049,1/7/2022 22:45,sq,panorama.com.al,http://www.panorama.com.al/shtepia-e-bardhe-hedh-poshte-njoftimet-per-terheqjen-e-mundshme-te-forcave-amerikane-nga-evropa-lindore/,1,2022,en,"The White House dismissed reports that the US administration is looking into the possibility of withdrawing American forces from Eastern Europe, ahead of talks with Russia next week. A White House official made the clarification in response to a request from the Voice of America, as the NBC News network announced on Friday that American officials are willing to propose discussions on reducing US and Russian troop distributors and military exercises in Eastern Europe, if Moscow shows that it is serious for negotiations.",The White House rejects reports of possible withdrawal of American forces from Eastern Europe,Albania,yes,0,military,yes,0,military,TRUE,TRUE,TRUE,no,0,military,FALSE,TRUE,TRUE,yes,0,military,FALSE,TRUE,TRUE
44,2978,632aedeff0f033903a31599d,5/16/2022 19:01,hu,168.hu,https://168.hu/kulfold/putyint-surgosseggel-korhazba-kellett-szallitani-235183,5,2022,en,"On Monday, the Italian president La Stampa wrote that the Russian president had to be rushed to the hospital, which was immediately operated on because of a suspected cancer.... According to the Italian newspaper, several sources claim that the politician suffers from blood cancer.",Putin had to be rushed to the hospital.,Hungary,yes,0,political,yes,0,other,TRUE,TRUE,FALSE,yes,0,other,TRUE,TRUE,TRUE,yes,0,other,TRUE,TRUE,TRUE
45,3331,6295f140dbbe6f20571708d9,5/16/2022,hy,168.am,https://168.am/2022/05/16/1703325.html,5,2022,en,"On 16 May, Nicole Pashina visited the Russian Embassy. Nicole Pashina will attend a meeting of the heads of the U.S. government in Moscow, Kermel.",Nicole Pashana has visited Moscow on a business trip,Armenia,yes,0,political,yes,0,political,TRUE,TRUE,TRUE,yes,0,political,TRUE,TRUE,TRUE,yes,0,other,TRUE,TRUE,FALSE
46,667,627d75f6dd894d3c8b3d27fe,3/3/2022 8:29,tr,posta.com.tr,https://web.archive.org/web/20220326092958/https://www.posta.com.tr/dunya/almanya-rus-milyarder-usmanovun-yatina-el-koydu-yaptirim-karari-2444147,3,2022,en,"After Russia's Ukrainian campaign, countries continue to take sanctions against Russia, Germany, Russia's billionaire Alisher Usmanov's 600...",Germany has seized the yacht of Russian billionaire Usmanov!,Turkey,yes,-1,economic,yes,-1,economic,TRUE,TRUE,TRUE,yes,-1,economic,TRUE,TRUE,TRUE,yes,-1,economic,TRUE,TRUE,TRUE
47,2346,628406a6d8c6f4df88668626,3/30/2022 20:50,tr,sozcu.com.tr,https://www.sozcu.com.tr/2022/dunya/slovakya-35-rus-diplomati-sinir-disi-etti-7044071/,3,2022,en,"Slovakia has deported 35 Russian diplomats. Slovakia's Ministry of Foreign Affairs has announced that Slovakia has decided to deport 35 diplomats from the country's Russian Embassy in Bratislava. Grow up the articles. It is standard size. Following the Netherlands and Belgium, Russian diplomats were deported. Slovak Foreign Ministry has announced that Slovakia has decided to deport 35 diplomats from Russia's Bratislava Embassy in the country.",Slovakia deports 35 Russian diplomats,Turkey,yes,-1,political,yes,-1,political,TRUE,TRUE,TRUE,yes,-1,political,TRUE,TRUE,TRUE,yes,-1,political,TRUE,TRUE,TRUE
48,7703,62d84c5e485b7d360a52d4e8,6/29/2022 17:49,ru,pravda.com.ua,https://www.pravda.com.ua/news/2022/06/29/7355435/,6,2022,en,"The Russian barbarians destroyed the criminological truth of the head of the Ukry's GUR, Kyril Boudanov, through the nibito threat of a terrorist attack in the Russian Federation.",The Russians destroyed the right of the head of the Ukryni Budanov.,Ukraine,yes,-1,military,yes,-1,military,TRUE,TRUE,TRUE,yes,-1,military,TRUE,TRUE,TRUE,yes,-1,military,TRUE,TRUE,TRUE
49,4138,64f78f9ebed4296e79dd9227,6/6/2022 5:58,en,kyivindependent.com,https://kyivindependent.com/russian-governor-claims-border-village-fired-upon/,6,2022,en,Kursk Oblast Governor Roman Starovoit claimed that the village of Tyotkino in Russia’s western Kursk region came under fire early on June 6. Starovoit reported via Telegram app that a bridge and some local businesses were hit. There is no immediate information about casualties.,Russian governor claims border village fired upon.,Ukraine,yes,0,military,yes,0,military,TRUE,TRUE,TRUE,yes,0,political,TRUE,TRUE,FALSE,yes,0,military,TRUE,TRUE,FALSE
50,1474,629bcb0cf1f860762878355c,11/3/2021,hy,1in.am,https://www.1in.am/3025780.html,11,2021,en,"Before Russia’s foreign operations, Sergei Lavroo had a telephone call with Jane Bouthamo, president of the United States.",Goodness in Making Return Visits,Armenia,yes,0,political,yes,0,political,TRUE,TRUE,TRUE,yes,0,political,TRUE,TRUE,TRUE,yes,0,other,TRUE,TRUE,FALSE
51,8151,65124044582564317fd0c667,5/24/2022 20:55,sq,botasot.info,https://www.botasot.info/bota/1816613/paraardhesi-vdiq-ne-menyre-misterioze-putin-promovon-truprojen-ne-postin-e-larte-kush-eshte-njeriu-pa-fytyre-qe-merr-drejtimin-e-hellip/,5,2022,en,"Vladimir Putin has promoted his former personal bodyguard to the post of the new Kremlin Emergency Minister, several months after his predecessor was ousted mysteriously from a waterfall.Major General Alexander Kurenkov, 49, proposed today by Putin, is the sixth bodyguard of the Russian president to be appointed to the top post of government.The last man to hold this post was Yevgeny Zinic.","The predecessor died mysteriously, Putin promoted the bodyguard to the top position.",Kosovo,yes,-1,military,yes,-1,political,TRUE,TRUE,FALSE,yes,0,political,TRUE,FALSE,TRUE,yes,0,political,TRUE,TRUE,TRUE
52,4446,632a76d06213d6bff6b6cbbf,8/29/2022,hy,168.am,https://168.am/2022/08/29/1755392.html,8,2022,en,"The rapporteurs thanked each other for the 25th anniversary of the social, cooperation and mutual assistance agreement between Ireland and Russia, which is complete today.",Nicole Pashana had a telephone call with Vladimir Putin,Armenia,yes,1,political,yes,1,political,TRUE,TRUE,TRUE,yes,0,political,TRUE,FALSE,TRUE,yes,1,political,TRUE,FALSE,TRUE
53,713,63da97f25656748c1e20a254,2/26/2022,hu,hvg.hu,https://hvg.hu/vilag/20220226_kijev_kepgaleria,2,2022,en,"Burned cars, locals preparing to fight - our colleague Ádám Bihari revealed that the Kievers would not give up their city.The trails of the early battles throughout Kiev - our report from the Ukrainian capitalWe were at the site of the attack at the important transport hub of the city.",This is what Kiev looks like after a series of Russian attacks in the morning - our gallery from the scene,Hungary,yes,-1,military,yes,-1,military,TRUE,TRUE,TRUE,yes,-1,military,TRUE,TRUE,TRUE,yes,-1,military,TRUE,TRUE,TRUE
54,2446,628c821280d31e443315eeaa,3/10/2022 9:04,hy,azatutyun.am,https://www.azatutyun.am/a/31746067.html,3,2022,en,"One of the largest companies in the United States, Amazon, has stopped the production of goods by Russia and Belarus. This is what is happening on the company's website. The Amazon Web Services service has also been refused to register new uses.",Amazon is stopping the production of food in Russia and Belarus.,Armenia,yes,0,economic,yes,-1,economic,TRUE,TRUE,TRUE,yes,-1,economic,TRUE,TRUE,TRUE,yes,-1,economic,TRUE,TRUE,TRUE
55,1866,632ce1b52cc5f09f0ab4efb5,6/19/2022 15:50,hu,demokrata.hu,https://demokrata.hu/vilag/ukran-vesztesegekrol-szamolt-be-az-orosz-katonai-szovivo-546437/,6,2022,en,"Lt. Igor Konasenkov, spokesperson of the Russian Ministry of Defence, reported on a calibration strike demanding the lives of more than half a hundred Ukrainian generals and officers. Konasenkov said that at Severodoneck he released the village of Metyelkine with Russian support.",Ukrainian losses reported by Russian military spokesman,Hungary,yes,0,military,yes,0,military,TRUE,TRUE,TRUE,yes,-1,military,TRUE,FALSE,TRUE,yes,0,military,TRUE,FALSE,TRUE
56,142,632cbc8e12cdeb858345bea9,10/14/2021 14:40,hu,24.hu,https://24.hu/kulfold/2021/10/14/szijjarto-peter-szputnyik-v-vakcina-technoligia-atadas/,10,2021,en,"The Hungarian Foreign Minister made the big announcement in Moscow. The vaccine factory in Debrecen will be able to produce a Russian vaccine, which may once be recognised by the WHO. There is still no way to know when Sputnik-V will have an EU license. The new Sputnik V will be ready, but will not be used yet. A political agreement has been reached that Hungary will receive the technology needed to produce the Russian Sputnik Crown Virus vaccine this year.",Szijjártó: Russians hand over Sputnik technology,Hungary,yes,1,other,yes,1,other,TRUE,TRUE,TRUE,yes,0,other,TRUE,FALSE,TRUE,yes,1,other,TRUE,FALSE,TRUE
57,3664,62aa310aeafeb46f0976038a,6/3/2022 10:17,tr,sozcu.com.tr,https://www.sozcu.com.tr/2022/dunya/rusyanin-ukrayna-isgali-100uncu-gune-girerken-donbasta-catismalar-siddetleniyor-7172110/,6,2022,en,"As the Russian invasion of Ukraine entered into the 100th day of the Ukrainian occupation, the conflict rages in Donbas. The Ukrainian invasion of Ukraine, which began on February 24th and led to the turning of the world's eyes to the region, has been going on for 100 days. The war, which has led to great destruction, has increased its violence in the country's eastern part of the country. Ukrainian President Zelanskiy, who said 20 per cent","As Russia's Ukrainian occupation enters the 100th day, the conflict is raging in Donbas.",Turkey,yes,-1,military,yes,-1,military,TRUE,TRUE,TRUE,yes,-1,military,TRUE,TRUE,TRUE,yes,-1,military,TRUE,TRUE,TRUE
58,2843,651257a2582564317fd0fe6b,2/28/2022 13:17,sq,botasot.info,https://www.botasot.info/evrope-bota/1769267/putini-eshte-futur-ne-cep-dhe-tani-eshte-me-i-rrezikshem/,2,2022,en,"Russian President Vladimir Putin is now in the corner and this is dangerous.This long-planned invasion of his neighbour is not going according to his predictions, although his forces are making some progress in the south, writes BBC.Across Ukraine's borders, the international reaction has been much faster and tougher than he would expect, causing serious damage to the Russian economy, a situation that could end by threatening his authority in the country.",Putin's in the corner and is now more dangerous.,Kosovo,yes,-1,military,yes,-1,military,TRUE,TRUE,TRUE,yes,-1,political,TRUE,TRUE,FALSE,yes,-1,political,TRUE,TRUE,TRUE
59,92,63c4d263547bacb5990b4d8d,9/30/2021,ru,caravan.kz,https://www.caravan.kz/news/putinceva-vyshla-v-polufinal-astana-open-wta-250-777098/,9,2021,en,"In the quarter-final match, she met Anastasia Gasanova, handed over the press service to the FPCC, and they never met before, but the Russian woman was not a light rival. In the second round, she kicked out the 77th racket of the world, the Croatian Anja Conyuch.",Putin was in the semi-finals of Astana Open WTA 250.,Kazakhstan,yes,1,culture,yes,1,culture,TRUE,TRUE,TRUE,no,0,culture,FALSE,FALSE,TRUE,yes,0,culture,FALSE,TRUE,TRUE
60,738,63e5f6919e33bcc0ca843085,10/30/2021 3:40,ru,zerkalo.az,https://zerkalo.az/mid-rf-otreagiroval-na-soobshhenie-o-plenenii-37-rossiyan-soldatami-vsu/,10,2021,en,"The Russian Ministry of Foreign Affairs responded to a report about the capture by Ukrainian military of 37 Russian citizens in the village of Staromaryevka of Donetsk province, a statement published on the website of the foreign policy department. ""The citizens with Russian and DNR passports have seized these documents and their owners have been subjected to violent acts, even causing armed escalation, which was discussed at a meeting of the contact group on 27 October. Fortunately, only buildings were damaged during the shelling",The Ministry of Foreign Affairs of the Russian Federation responded to a report of the capture of 37 Russian soldiers by the U.S.A.,Azerbaijan,yes,1,military,yes,1,military,TRUE,TRUE,TRUE,yes,0,military,TRUE,FALSE,TRUE,yes,-1,military,TRUE,FALSE,TRUE
61,1303,632a91e7f0f033903a310759,3/14/2022 12:20,hu,168.hu,https://168.hu/kulfold/a-kovetkezo-2-3-het-meghatarozo-lesz-ukrajna-szamara-229316,3,2022,en,"It is now very important for Ukraine to receive assistance from international partners in the field of air defense. The Russian army is taking new steps in the war with Ukraine. Vadim Denishenko's Ukrainian Interior Minister's advisor made the statement to a Ukrainian TV, mentioning that ""the next 2-3 weeks will be decisive for Ukraine."" Denishenko mentioned that Russian soldiers are doing everything to take over the city of Mariupol.",The next 2-3 weeks will be decisive for Ukraine,Hungary,yes,0,military,yes,-1,military,TRUE,TRUE,TRUE,yes,0,military,TRUE,FALSE,TRUE,yes,-1,military,TRUE,FALSE,TRUE
62,898,63eff7bf599acbef00cf83dd,5/17/2022,az,abzas.org,https://abzas.org/2022/5/yerevan-az%C9%99rbaycanin-5-b%C9%99ndlik-t%C9%99klifin%C9%99-6-b%C9%99ndlik-cavabini-aciqlayib/,5,2022,en,"The Armenian side announced the important points for the start of peace talks, and Yerevan responded to the five-point proposal presented by the Azerbaijani side. Ambassador for Special Tasks Edmon Marukyan presented six points of the document drafted in Russian on the air of Armenian Public Television.
According to the official, in the first paragraph of the document, it is stated that the Armenian side responded to the letter received from the Azerbaijani side on March 21.
According to Marukyan, the second paragraph states that Armenia has never had a territorial claim against Azerbaijan and does not have one.
If you remember",Yerevan announced its 6-point response to Azerbaijan's 5-point proposal,Azerbaijan,no,0,political,no,0,political,TRUE,TRUE,TRUE,yes,0,political,FALSE,TRUE,TRUE,no,0,political,FALSE,TRUE,TRUE
63,1542,64f79fd0bed4296e79dda1cc,3/7/2022 16:57,en,kyivindependent.com,https://kyivindependent.com/canada-to-impose-further-sanctions-on-russia-amid-invasion-of-ukraine/,3,2022,en,"Canadian Prime Minister Justin Trudeau announced new sanctions on 10 individuals ""complicit"" in Russia's ""unjustified invasion"" of Ukraine. The individuals include former and current senior Russian government officials, oligarchs and supporters of the Russian leadership.",Canada to impose further sanctions on Russian individuals.,Ukraine,yes,-1,political,yes,-1,political,TRUE,TRUE,TRUE,yes,-1,political,TRUE,TRUE,TRUE,yes,-1,political,TRUE,TRUE,TRUE
64,136,63e5c5559e33bcc0ca83db6d,8/21/2021 6:15,ru,zerkalo.az,https://zerkalo.az/ukraina-otkazala-predstavitelyu-kryma-v-uchastii-v-krymskoj-platforme/,8,2021,en,"The head of the working group on international legal issues at the Permanent Mission of Crimea to the President of Russia, Alexander Milokhov, informed RIA Novosti that the Ukrainian side had refused to participate in the international summit ""The Crimean Platform"". He said that he had applied for participation but that Ukraine had ignored it. ""The truth about Crimea is not needed, their interest is only to organize a propaganda shabash Russian.",Ukraine refused the Crimea representative to participate in the Crimean Platform.,Azerbaijan,yes,-1,political,yes,-1,political,TRUE,TRUE,TRUE,yes,-1,political,TRUE,TRUE,TRUE,yes,-1,political,TRUE,TRUE,TRUE
65,3475,65123a094a5d0892d372aa64,3/7/2022 21:06,sq,botasot.info,https://www.botasot.info/shqiperia/1773446/presidenti-meta-pershendet-rezoluten-qe-denon-agresionin-rus/,3,2022,en,"The president of the Republic, Ilir Meta, has welcomed the adoption of the resolution in Albania's Parliament on the situation in Ukraine, via a post on social networks, Meta claims that the Russian Aggression is unpronounced and untested.The head of the Albanian state says Albania as a NATO member, EU candidate, and non-permanent UN KS member expresses full solidarity with the people and the institutions of Ukraine.",President Meta welcomes resolution condemning Russian aggression,Kosovo,yes,-1,political,yes,-1,political,TRUE,TRUE,TRUE,yes,1,political,TRUE,FALSE,TRUE,yes,1,political,TRUE,TRUE,TRUE
66,641,6450187611331d2c4995f602,1/7/2022,ru,rus.azattyq.org,https://rus.azattyq.org/a/31643803.html,1,2022,en,"The Moscow Municipal District Court arrested Alexander Zimbovsky for 15 days, who had taken a picket in support of protesters in Kazakhstan, as he himself had informed the Internal Affairs Info, a file of the case was available on the court's website. Zimbabwe was found guilty of disobedience to a police officer (CoA article 19.3, para. 1). The Court refused to question a witness who had come to court and was prepared to testify in defence of the detainee.",A court in Moscow arrested a picket player for 15 days in support of Kazakhstan,Kazakhstan,yes,-1,political,yes,-1,political,TRUE,TRUE,TRUE,yes,-1,political,TRUE,TRUE,TRUE,yes,-1,other,TRUE,TRUE,FALSE
67,716,629d13cdccfe40f7f9ebdde8,5/16/2022 10:47,sq,gazetatema.net,https://www.gazetatema.net/politika/pompeo-ne-tirane-rama-furnizimi-me-gaz-permes-terminalit-te-ri-po-zgjon-i338616,5,2022,en,"Former US Secretary of State Mike Pompeo has for the first time visited Albania a visit under the 100th anniversary of Albania-US diplomatic relations.Pompo was present during the signing of the gas market deversification agreement, one of the most controversial issues in Europe, after the launch of Russian aggression against Ukraine.The gas deal takes on strategic importance that exceeds Albanian and Balkan space and relates to Europe's independence.","Pompeo in Tirana, Rama: Gas supply through New Terminal is sparking interests",Albania,no,-1,political,no,-1,political,TRUE,TRUE,TRUE,no,0,economic,TRUE,FALSE,FALSE,no,0,economic,TRUE,TRUE,TRUE
68,575,62fe95d3430a87f73dd07b11,3/17/2022 8:16,tr,diken.com.tr,https://www.diken.com.tr/zelenski-rusyayla-muzakerelerdeki-onceliklerini-acikladi/,3,2022,en,"Ukrainian President Volodimir Zelenski said that the priorities of the talks on the war with Russia in Ukraine were to end the conflict, to restore security guarantees, sovereignty and territorial integrity. Photograph: AA. Russia's invasion of Ukraine on its 22nd day. The talks between the two countries continue as the Russian forces move towards Kiev continue. The Ukrainian side said Russia's approach in the talks has changed positively.",Zelenski announces his priorities in negotiations with Russia,Turkey,yes,0,political,yes,0,political,TRUE,TRUE,TRUE,yes,0,political,TRUE,TRUE,TRUE,yes,0,military,TRUE,TRUE,FALSE
69,216,629b8c89f1f860762877e770,8/12/2021,hy,1in.am,https://www.1in.am/2990270.html,8,2021,en,"On 11 August, at 19 a.m., the National Centre for Immediate Government was threatened by a terrorist attack in the Moscow Museum.",The Dead Sea Scroll of the Dead Sea Scrolls,Armenia,yes,0,military,yes,0,other,TRUE,TRUE,FALSE,yes,0,other,TRUE,TRUE,TRUE,yes,-1,other,TRUE,FALSE,TRUE
70,3273,61d4b7114b5cd2614dd3650d,12/21/2021 14:08,ru,pravda.com.ua,https://www.pravda.com.ua/rus/news/2021/12/21/7318137/,12,2021,en,"Russian President Vladimir Putin states that Russia opposes bloodshed and wants to resolve matters through diplomatic means, with security guarantees. Source: RBK, citing Putin's statement at the Russian Ministry of Defence's expanded college on 21 December. Putin's direct speech: ""Armed conflicts, bloodshed is absolutely not our choice, we don't want that kind of development."" Details: He says Russia wants to solve political-democratic issues.",Putin said he didn't want bloodshed.,Ukraine,yes,0,political,yes,0,political,TRUE,TRUE,TRUE,yes,1,political,TRUE,FALSE,TRUE,yes,0,military,TRUE,FALSE,FALSE
71,2257,64f796c4bed4296e79dd99f3,4/18/2022 5:59,en,kyivindependent.com,https://kyivindependent.com/lviv-mayor-russia-fires-five-missiles-at-lviv/,4,2022,en,"According to Lviv Mayor Andriy Sadovy, the Russian military fired five missiles at Lviv on the morning of April 18. The damages are still being clarified.",Lviv Mayor: Russia fires five missiles at Lviv.,Ukraine,yes,-1,military,yes,-1,military,TRUE,TRUE,TRUE,yes,-1,military,TRUE,TRUE,TRUE,yes,-1,military,TRUE,TRUE,TRUE
72,827,627d7ddcdd894d3c8b3d2d3d,3/30/2022 15:55,tr,posta.com.tr,https://web.archive.org/web/20220401054942/https://www.posta.com.tr/dunya/rusya-ukraynanin-elindeki-s-300leri-imha-etti-2506001,3,2022,en,"The Russian army has released footage of the destruction of the S-300. The S-300 air defence missile system, Greece,",Russia destroyed the S-3000s in Ukraine's hands,Turkey,yes,0,military,yes,1,military,TRUE,TRUE,TRUE,yes,0,military,TRUE,FALSE,TRUE,yes,-1,military,TRUE,FALSE,TRUE
73,6071,62d83fb6485b7d360a52adf3,4/18/2022 23:36,ru,pravda.com.ua,https://www.pravda.com.ua/news/2022/04/18/7340553/,4,2022,en,"Moscow had a dead man known as President of the Russian Federation, Gazprombank, who was a friend of the Donka.",Moscow had a dead colicky president named Gazprombank with yoga.,Ukraine,yes,0,political,yes,0,other,TRUE,TRUE,FALSE,yes,0,other,TRUE,TRUE,TRUE,yes,-1,other,TRUE,FALSE,TRUE
74,1084,6409f2b2f6e5f70b7ddd38d3,3/1/2022 7:18,ro,publika.md,https://www.publika.md/oligarhii-rusi-impotriva-razboiului-inacceptabil-ca-in-ucraina-mor-oameni-nevinovati_3121819.html,3,2022,en,"The Russian oligarchs, one of the main forces held by President Vladimir Putin's authority in Russia, begin to strike and call for the end of the war. After they suffered serious losses following the sanctions imposed by the West, how many","Russian oligarchs, RUZBOILI: Inadmissible that innocent people in Ukraine die",Moldova,yes,-1,economic,yes,-1,economic,TRUE,TRUE,TRUE,yes,-1,political,TRUE,TRUE,FALSE,yes,1,military,TRUE,FALSE,FALSE
75,236,63c51d92547bacb5990bec42,11/23/2021,ru,caravan.kz,https://www.caravan.kz/news/pevica-dequine-rasskazala-almaty-predpochitaet-ili-moskvu-793696/,11,2021,en,"Devine offered to ask her questions, and one of the subscribers wrote, ""Moscow or Almaty?"", transmitting the media portal Saravan.kz. In response, the girl wrote that it was difficult for her to choose. ""Almats are teenagers, tenderness and soul. Moscow is a dense rhythm, workflow, my maturity and new features.",The singer Dekine told me whether Almaty prefers Moscow or the News of Caravan.,Kazakhstan,yes,1,culture,yes,1,culture,TRUE,TRUE,TRUE,yes,0,culture,TRUE,FALSE,TRUE,no,0,culture,FALSE,TRUE,TRUE
76,2445,62907697ca3e528e2891e7c6,4/4/2022 19:55,ru,golosarmenii.am,https://golosarmenii.am/article/146019/v-gosdumu-vnesen-proekt-priznaniya-armyanskix-voditelskix-prav-v-rossii,4,2022,en,"""The proposed changes provide for the recognition in the territory of the Russian Federation of national driving permits of Armenian citizens in business and work activities related to the driving of vehicles"", the explanatory note states.",A project on recognition of Armenian driving permits in Russia has been introduced in the State Council.,Armenia,yes,1,political,yes,1,political,TRUE,TRUE,TRUE,yes,0,other,TRUE,FALSE,FALSE,yes,0,other,TRUE,TRUE,TRUE
77,793,63c1270cc573691803acdaa2,3/4/2022,en,kaztag.kz,https://kaztag.kz/en/news/imported-products-soared-by-30-40-due-to-sanctions-in-kazakhstan-expert,3,2022,en,"Almaty. March 4. KazTAG - The imported products are becoming more expensive by 30-40%, commented on the situation with the impact of anti-Russian sanctions on the Kazakhstani economy, said Yuri Negodyuk co-owner of Pinta, BAO and Banka restaurants.
“We haven’t really faced the circumstances  yet. In a week or two you will already feel the impact. We are already receiving letters from suppliers, products are becoming more expensive, moreover, by 30-40%. For example, we bought salmon for KZT5.4 thousand, and now it costs KZT8 thousand. That is, this is already an increase of 20-30%,” Negodyuk told a KazTAG.
And this is not the limit, he believes, prices will rise even more.
Against the backdrop of violations in supply chains and the fall of the tenge following the ruble due to sanctions, restaurateurs decide: to remove dishes from the menu that contain Russian and European products or leave them more expensive, because it is impossible to replace these products with Kazakhstani counterparts. 
Photo source: picture from an open source
 
Astana. January 12. KazTAG - The exchange rate of the tenge against the US dollar from the beginn... 
 
Astana. January 12. KazTAG - Former President Nursultan Nazarbayev has been deprived of &nbs... 
Kazakh telegraph agency. 
2008 - 2023. All rights reserved.
 Information can be used only with written permission of KazTAG international news agency. Information can be used only with written permission of KazTAG international news agency.",Imported products soared by 30-40% due to sanctions in Kazakhstan- expert,Kazakhstan,yes,0,economic,yes,-1,economic,TRUE,TRUE,TRUE,yes,-1,economic,TRUE,TRUE,TRUE,no,-1,economic,FALSE,TRUE,TRUE
78,7600,651248c5582564317fd0dacd,4/13/2022 11:48,sq,botasot.info,https://www.botasot.info/evrope-bota/1794820/fotot-e-trupave-ruse-ne-mariupol/,4,2022,en,"A photographer from the AFP news agency has been involved with Russian forces in the Ukrainian town of Mariupol, which Moscow claims is close to being captured after a week-long siege, writes CNN, broadcasts the World today.The trip was organised by the Russian Army.The photos show Russian armed troops patrolling through the ruined city, and interacting with locals and distributing food.The wars have been lit in and around Marioupol since the beginning of the war in late February",pictures of Russian troops in Marioupol,Kosovo,yes,1,military,yes,1,military,TRUE,TRUE,TRUE,yes,0,military,TRUE,FALSE,TRUE,yes,-1,military,TRUE,FALSE,TRUE
79,3326,627ad4c02e913999ae7866f0,5/2/2022 18:45,tr,sozcu.com.tr,https://www.sozcu.com.tr/2022/dunya/rusya-felaketi-yasiyor-ohal-ilan-edildi-7111667/,5,2022,en,Russia's disaster has been declared! State of Emergency has been declared. Russia's war with Ukraine is experiencing disaster. Forest fires in the country's Siberia are growing every hour. Fires in Krasnoyarsk's rural area have been declared extraordinary due to a fire spreading 250 hectares. Grow up.,The Russian disaster has been declared!,Turkey,yes,-1,military,yes,-1,other,TRUE,TRUE,FALSE,yes,-1,other,TRUE,TRUE,TRUE,yes,-1,other,TRUE,TRUE,TRUE
80,4040,63e6604a9e33bcc0ca8515ad,4/10/2022 17:34,ru,zerkalo.az,https://zerkalo.az/vneshnij-defolt-rossii-prakticheski-neizbezhen/,4,2022,en,"Russia's first external default in this century looks ""almost inevitable"" after another tight week for the country's financial system. It is written by the American Bloomberg Agency, which transmits Ucrinform.",Russia's external default is almost inevitable.,Azerbaijan,yes,-1,economic,yes,-1,economic,TRUE,TRUE,TRUE,yes,-1,economic,TRUE,TRUE,TRUE,yes,-1,economic,TRUE,TRUE,TRUE
81,6478,632a69091f6031fe8273c801,8/8/2022,hy,1in.am,https://www.1in.am/3149083.html,8,2022,en,"There were reports in Mamulul that Russian peacemen control the road and stop all citizens, check it out, leave it open.",Why are Russia's border crossings controlled by the Black Sea route?,Armenia,yes,0,political,yes,0,political,TRUE,TRUE,TRUE,yes,0,other,TRUE,TRUE,FALSE,yes,0,military,TRUE,TRUE,FALSE
82,1376,629b5d72894f92560a3eb9de,3/5/2022,hy,aravot.am,https://www.aravot.am/2022/03/05/1251647/,3,2022,en,"Today, Russian and Haitian manufacturers have made Sergey Lavroo and Ararata Mirzoon’s phone calls, reports the RD's external political review: ""The past political reviews",A special pioneer couple named Mirzoana and Sergei Lauro had a telephone call,Armenia,yes,1,political,yes,1,political,TRUE,TRUE,TRUE,yes,0,political,TRUE,FALSE,TRUE,yes,0,other,TRUE,TRUE,FALSE
83,1935,6409ab05f6e5f70b7ddcaff6,6/9/2022 14:40,ro,publika.md,https://www.publika.md/merkel-acuzata-de-ucraina-ca-ar-fi-favorizat-dependenta-europeana-de-gaze-naturale-rusesti_3126054.html,6,2022,en,"The German Chancellor Angela Merkel spoke for the first time in public about Russia's declared war in Ukraine. She believes that the munition signed in 2015 was the right way and that she knew Putin wanted to destroy the EU, but that she won't ask for it.","Merkel, accused by Ukraine of favouring the European dependence on Russian natural gas",Moldova,yes,-1,political,yes,-1,political,TRUE,TRUE,TRUE,yes,-1,economic,TRUE,TRUE,FALSE,no,0,political,FALSE,FALSE,FALSE
84,3726,63e626549e33bcc0ca849795,3/24/2022 19:21,ru,zerkalo.az,https://zerkalo.az/266555-2/,3,2022,en,"After going down to $400 a ton in mid-March, the wheat quotations went up, the last of March was $419. This reflects a similar oil dynamic that went up to Europe's announcement of a plan to phase out Russian energy. But if the oil increase benefits our country, which is exporting black gold to world markets, that's not the case for raising cereals.",World wheat prices have rebounded,Azerbaijan,no,0,economic,no,0,economic,TRUE,TRUE,TRUE,yes,0,economic,FALSE,TRUE,TRUE,no,0,economic,FALSE,TRUE,TRUE
85,854,6155222c1a0915fcf75bcf7e,9/20/2021 0:00,ru,pravda.com.ua,https://www.pravda.com.ua/rus/news/2021/09/10/7306739/,9,2021,en,"The State Bureau of Investigation claims to have exposed the large-scale smuggling of Russian fuel through ports in Odessa province.Source: GBR Deli: According to operational data, Russian fuel was imported into Ukraine, indicating another country of origin, and was undervalued. The organizers used cargo ships under the Ukrainian flag, which conducted commercial flights to foreign ports.",Russian fuel - GBR - was imported into Ukraine through ports in Odessa province.,Ukraine,yes,-1,economic,yes,-1,economic,TRUE,TRUE,TRUE,yes,-1,economic,TRUE,TRUE,TRUE,yes,-1,economic,TRUE,TRUE,TRUE
86,2169,624c857281f812ec8e90a993,3/1/2022 13:31,ru,nashaniva.by,https://nashaniva.com/?c=ar&i=285593&lang=ru,3,2022,en,"The defence of Russia against the military threat from the West is the main task of ""special operation in Ukraine"", stated Russian Defence Minister Sergei Shoiggu. ""The group of armed forces of the Russian Federation will continue to carry out a special military operation until the objectives are achieved,"" said Shoig. ""The main task for us is to protect the Russian Federation from the military threat posed by Western countries that are trying to use the Ukrainian people in the fight against our country."" He accused",Shoigu: The Russian army will continue its special operations in Ukraine until the objectives are achieved,Belarus,yes,1,military,yes,1,military,TRUE,TRUE,TRUE,yes,0,military,TRUE,FALSE,TRUE,yes,-1,military,TRUE,FALSE,TRUE
87,1971,629bf617f1f8607628786a26,12/9/2021,hy,1in.am,https://www.1in.am/3040672.html,12,2021,en,"President Vladimir Putin of Russia's Dashna to the east of NATO, including Ukraine, is a very sensitive issue from the RD safety point of view.",Putin's spread of NATO is a very sensitive question for Russia.,Armenia,yes,1,political,yes,1,political,TRUE,TRUE,TRUE,yes,0,political,TRUE,FALSE,TRUE,yes,0,political,TRUE,TRUE,TRUE
88,1712,6284143ad8c6f4df886697fc,3/15/2022 11:31,tr,sozcu.com.tr,https://www.sozcu.com.tr/2022/dunya/ukraynada-yakalan-rus-askerleri-aglayarak-anlatti-korkunc-bir-hata-yaptik-7011831/,3,2022,en,"The Russian soldiers who were captured in Ukraine cried out: We made a terrible mistake. On the 20th day of Russia's invasion of Ukraine, images of Russian soldiers captured by Ukraine were released. The soldiers who spoke to Ukraine's Interfax news agency cried out to the Ukrainian people. The captured soldiers also raised new allegations about Putin. Grow the articles.",Russian soldiers caught in Ukraine cried out: We made a terrible mistake,Turkey,yes,-1,military,yes,-1,military,TRUE,TRUE,TRUE,yes,-1,military,TRUE,TRUE,TRUE,yes,-1,military,TRUE,TRUE,TRUE
89,1100,62957485dbbe6f20571664cf,11/12/2021,hy,168.am,https://168.am/2021/11/12/1606494.html,11,2021,en,"During the one year of operation at Mount Larabal, Russian military police stations have provided more than 8,000 vehicles for more than 200 cars.","During their one year of operation, Russian peacekeepers have secured more than 8,000 safe routes to the mountain range.",Armenia,yes,1,military,yes,1,military,TRUE,TRUE,TRUE,yes,0,military,TRUE,FALSE,TRUE,yes,0,military,TRUE,TRUE,TRUE
90,7091,651248c6582564317fd0dacf,4/13/2022 11:37,sq,botasot.info,https://www.botasot.info/evrope-bota/1794810/po-behet-e-pamundur-gjetja-e-ushqimit-dhe-ujit-ne-mariupol/,4,2022,en,"""The city is under total siege, and the grenades and bombings never stop,"" Ukrainian MP Dumtro Stone said of the BBC Radio 4's programme this morning, describing the situation in the southeastern town of Marioupol, broadcasts the World today.The stone believes more than 100,000 civilians have remained in the important strategic port, which has been under fire since the beginning of the Russian occupation.",It's becoming impossible to find food and water in Marioupol,Kosovo,yes,-1,military,yes,-1,military,TRUE,TRUE,TRUE,yes,-1,military,TRUE,TRUE,TRUE,yes,-1,military,TRUE,TRUE,TRUE
91,2253,632c0d34f0f033903a3232b2,3/9/2022 10:34,hu,168.hu,https://168.hu/kulfold/nagy-visszaeses-varhato-az-orosz-olajtermelesben-228834,3,2022,en,"The sanctions will last, but the reservoirs will not last long. Russia's oil production will be significantly reduced in the coming months due to the sanctions imposed, the U.S. Government's Energy Information Office (EIA) believes..... The office estimates that Russia produced 11,3 million barrels of oil per day in February, but the restrictions introduced will reduce the volume by 250,000 barrels in March and 500,000 barrels in April.","Everyone will feel that, Russian oil production can fall sharply",Hungary,yes,0,economic,yes,-1,economic,TRUE,TRUE,TRUE,yes,-1,economic,TRUE,TRUE,TRUE,yes,-1,economic,TRUE,TRUE,TRUE
92,3146,629c2d36f1f860762878ac62,3/3/2022,hy,1in.am,https://www.1in.am/3076697.html,3,2022,en,"The Great Britain has played an important role in bringing together the perpetrators of the attack on the Hague International Tribunal, says the United Kingdom's presidential decree on foreign affairs.",Russian leaders and generals are threatened by the Hague tribunal.,Armenia,yes,-1,political,yes,-1,political,TRUE,TRUE,TRUE,yes,-1,political,TRUE,TRUE,TRUE,yes,-1,political,TRUE,TRUE,TRUE
93,4886,62b0fa4a13a27197c92e4122,4/19/2022 9:08,sr,danas.rs,https://www.danas.rs/vesti/politika/nakon-izbora-povecan-pritisak-na-beograd-moskva-nezadovoljna-srbijom/,4,2022,en,"After the presidential and parliamentary elections in Serbia, the pressure on Belgrade to join the sanctions against Russia suddenly increased, and for the first time during the Ukrainian crisis, Moscow also showed dissatisfaction, the Moscow daily Kommersant writes today. Both the West and Russia are dissatisfied, the paper estimates that Serbian President Aleksandar Vucic, who found himself in the middle of diplomatic fire between the two sides, will take steps towards the West, but that he will hardly turn away from Russia. considers Serbia a key partner","Kommersant: Vucic is sitting on two chairs, Moscow is dissatisfied with Serbia",Serbia,yes,0,political,yes,0,political,TRUE,TRUE,TRUE,yes,-1,political,TRUE,FALSE,TRUE,yes,0,political,TRUE,FALSE,TRUE
94,6007,62b0f6f913a27197c92e3a74,5/9/2022 17:24,sr,danas.rs,https://www.danas.rs/vesti/drustvo/ap-srbi-organizuju-proruske-marseve-u-sklopu-obelezavanja-dana-pobede/,5,2022,en,"Pro-Russian sentiment and support for the Russian invasion of Ukraine remain high in Serbia and Republika Srpska, whose populist leaders nurture close relations with Russian President Vladimir Putin, the Associated Press reported in a report on today's \""Immortal Regiment.\"" pro-Russian marches organized today in Serbia and Republika Srpska, Moscow's traditional allies in the Balkans, as part of the celebration of Victory Day over fascism in World War II. Minister without Portfolio in the Serbian Government Nenad Popovic and Russian Ambassador to Belgrade Aleksandar Bocan-Ha",AP: Serbs are organizing pro-Russian marches as part of the Victory Day celebrations,Serbia,yes,1,political,yes,1,political,TRUE,TRUE,TRUE,yes,1,culture,TRUE,TRUE,FALSE,yes,1,culture,TRUE,TRUE,TRUE
95,201,621bd0f2724cae9deabbb654,1/24/2022 4:25,en,kyivindependent.com,https://kyivindependent.com/opinion/bohdan-vitvitsky-disarming-putins-history-weapon/,1,2022,en,"Russian T-72 tanks maneuver during a combined arms exercises in Voronezh Oblast (Russia’s Ministry of Defense)
Editor’s Note: This op-ed was published by Atlantic Council. It is republished here with permission.
Ever since 2014, Russian President Vladimir Putin has weaponized history as part of his hybrid war against Ukraine. On numerous occasions, most infamously in his July 2021 essay “On the Historical Unity of Russians and Ukrainians,” Putin has used highly selective interpretations of the past to undermine Ukrainian national identity and legitimize his own expansionist imperial ambitions.
Putin’s distortions have been widely ridiculed and rejected inside Ukraine itself. However, aspects of the Russian ruler’s narrative remain largely uncontested in the international arena, with damaging consequences for outside understanding of the current conflict. If the international community wishes to truly appreciate the issues at stake in the confrontation between Russia and Ukraine, it must first cut through the layers of historical disinformation constructed by the Kremlin.
Putin’s central message is the idea that Ukraine has always been part of Russia and must remain so. He routinely refers to Russians and Ukrainians as “one people” and frequently blames outside influences for manufacturing what he regards as an artificial divide between the two modern nations.
In reality, while today’s Russia and Ukraine do indeed share long periods of common history, they have spent considerably more time apart than together. Ukraine’s experience of Russian rule is also much darker than Putin cares to admit and makes a mockery of his attempts to sanitize the imperial past. Far from being fraternal nations, many Ukrainians see their historical relationship with Russia as being more akin to that of an abused spouse in a forced marriage.
No honest reading of Russian-Ukrainian relations would characterize bilateral ties as a partnership of equals. Instead, the relationship was defined for centuries by Russian efforts to exert ever greater control over Ukraine while suppressing Ukrainian nation-building efforts.
Early incidents of note include the 1709 Sack of Baturyn, which saw Russian troops slaughter the entire population of the Ukrainian Cossack capital city in an atrocity that echoed across Europe. As Russian imperial control over Ukraine strengthened during the eighteenth and nineteenth centuries, so did efforts to prevent the evolution of Ukrainian national identity.
This process included extensive restrictions on the use of the Ukrainian language. No single document captures the Russian denial of Ukrainian identity quite as succinctly as the 1863 “Valuev Circular.” This czarist decree banning Ukrainian-language publications states matter-of-factly, “a separate Ukrainian (“Little Russian”) language has never existed, does not exist, and shall not exist.”
Russia’s anti-Ukrainian agenda expanded dramatically in the twentieth century with catastrophic consequences.
Potential national leaders were frequently targeted. During World War I, the advance of Russian imperial troops into what is today’s western Ukraine led to the arrest and imprisonment of Andrey Sheptytsky, the Metropolitan Archbishop of the Ukrainian Greek Catholic Church and a prominent personality within the Ukrainian community.
In the chaotic period following the 1917 Russian Revolution, Bolshevik armies repeatedly invaded Ukraine and ultimately crushed the country’s first major statehood bid. Ukraine’s attempts to establish an independent state were equally opposed by the anti-Bolshevik White Russian Army. Indeed, opposition to Ukrainian independence was one of the few things upon which the two sides could actually agree.
The next chapter in the Kremlin war on Ukrainian statehood was to prove by far the bloodiest. During the late 1920s and early 1930s, Soviet dictator Josef Stalin unleashed a wave of coordinated terror against the Ukrainian intelligentsia and the Ukrainian peasantry in a bid to eradicate the threat to Soviet power posed by Ukraine’s statehood aspirations.
Countless Ukrainian writers, scientists, clergy and school teachers were arrested and executed or sent to the Gulag on trumped up charges of “bourgeois nationalism.” Meanwhile, a deliberately engineered artificial famine devastated the Ukrainian countryside, leaving an estimated four million dead. This Stalinist campaign would later be held up as a classic example of genocide by Raphael Lemkin, the man who coined the term and initiated the Genocide Convention.
Policies of russification remained the norm in Soviet Ukraine right up until the final years of the USSR. They are now being revived in regions of Ukraine currently under Russian occupation as the Kremlin seeks to reassert its authority by eradicating traces of Ukrainian identity.
Since 2014, Ukrainian language education has been removed from the curriculum in Russian-occupied Crimea and eastern Ukraine. Other symbols of Ukrainian identity such as the Orthodox Church of Ukraine have also been relentlessly targeted by the occupation authorities. Russia’s actions expose the grim reality behind Putin’s protestations of brotherly love.
This long record of atrocity and oppression rarely features in international media coverage of the current conflict between Russia and Ukraine. Instead, correspondents are more likely to make casual references to a shared past without seeking to clarify the troubling character of this historical relationship.
Encouraged by the apparently endless credulity of the international community, the Kremlin has taken its distortions to new extremes. In recent months, Russia has surrounded Ukraine from the north, east, and south with a formidable invasion force, while at the same time insisting it is Ukraine that poses a security threat to Russia. The sheer audacity of Moscow’s claims would be enough to make Orwell chuckle.
Russia’s recent demands for “security guarantees” are self-evidently absurd and should be treated as such by the international community. Likewise, Vladimir Putin’s attempts to portray Ukraine’s long and traumatic experience of Russian domination as a benign brotherhood should no longer be allowed to pass unchallenged. For too long, history has been one the Kremlin’s favorite weapons. The time has come to disarm it.",Bohdan Vitvitsky: Disarming Putin’s history weapon,Ukraine,yes,-1,political,yes,-1,political,TRUE,TRUE,TRUE,yes,0,military,TRUE,FALSE,FALSE,yes,-1,military,TRUE,FALSE,TRUE
96,397,615f80178e06d1c56e68b1fb,8/31/2021 18:59,ru,pravda.com.ua,https://www.pravda.com.ua/rus/news/2021/08/31/7305629/,8,2021,en,"Since the beginning of this period, four violations of the ceasefire have been recorded on Donbas by Russian Federation militias.",The Donbas fighters shot near New York.,Ukraine,yes,-1,military,yes,-1,military,TRUE,TRUE,TRUE,yes,0,military,TRUE,FALSE,TRUE,yes,-1,military,TRUE,FALSE,TRUE
97,4162,63e18a9b8eb83542d4ecfb22,4/20/2022,en,azeritimes.com,https://azeritimes.com/2022/04/20/kyrgyzstan-and-russia-agreed-to-develop-cooperation-in-healthcare/,4,2022,en,"By Trend
Moscow hosted the twenty-third meeting of the Intergovernmental Kyrgyz-Russian Commission on Trade, Economic, Scientific, Technical and Humanitarian Cooperation on April 14, Trend reports citing Kabar.
According to the press service of the Ministry of Health of the Kyrgyz Republic, the meeting was chaired by First Deputy Chairman of the Cabinet of Ministers Arzybek Kozhoshev and Deputy Prime Minister of the Russian Federation Alexei Overchuk with the participation of representatives of interested ministries and departments.
The sides noted the positive dynamics in the development of cooperation between Kyrgyzstan and Russia in the field of healthcare. The importance of the ongoing work on the mutual recognition of vaccination certificates against a new coronavirus infection was especially emphasized.
During the meeting, joint consultations of specialists from the compulsory medical insurance funds of both countries were discussed on the issue of organizing medical care for non-working family members of migrant workers at the expense of compulsory medical insurance, as well as vaccination. Consultations are planned to be held in the first half of 2022.
The sides also exchanged views on the creation of a BSL3 biological laboratory in the Kyrgyz Republic. It should be noted that the Kyrgyz Republic opposed the implementation of this project.
Following the meeting, the Ministry of Health of the Kyrgyz Republic and the Ministry of Health of the Russian Federation agreed to continue developing cooperation in the field of healthcare, including by expanding direct ties between medical, scientific and educational organizations.
The sides also decided to continue to build up cooperation on issues of joint research, prevention and response to infectious diseases within the framework of Russian initiatives to promote international development.
—
Follow us on Twitter @AzerNewsAz
Original Article",Kyrgyzstan and Russia agreed to develop cooperation in healthcare,Azerbaijan,yes,1,political,yes,1,economic,TRUE,TRUE,FALSE,yes,0,other,TRUE,FALSE,FALSE,yes,1,economic,TRUE,FALSE,FALSE
98,3798,630700f8ba9d8b3abc64f44f,6/11/2022 9:50,ru,nashaniva.by,https://nashaniva.com/ru/293329,6,2022,en,"The Russian Federation and Belarus will extend the agreement on the transport and trans-shipment of petroleum products at Russian ports to all Russian seaports, which the Russian Government decided on 9 June 2022, published on the official Internet legal information portal of the Russian Federation.",Russia will allow the export of Belarusian petroleum products through all ports,Belarus,yes,1,economic,yes,1,economic,TRUE,TRUE,TRUE,yes,0,economic,TRUE,FALSE,TRUE,yes,0,economic,TRUE,TRUE,TRUE
99,1409,62a24b3ac255247c4560c9bf,2/22/2022 10:35,tr,sabah.com.tr,https://www.sabah.com.tr/gundem/2022/02/22/mhp-lideri-devlet-bahceli-grup-toplantisinda-aciklamalarda-bulunuyor,2,2022,en,"It may be a lack of democracy, but it is a lack of reason to claim to be disabled. In our policy, it is essential that we do not speak in front of any international meeting, institution, conference or government official, judgmental, corrosive, and inquisitive. In this context, the non-compromising attitude is our political principle. The national stance requires manliness, wants integrity, needs integrity, needs moralism, needs conscience, needs",Ukrainian-Russian statement from HHP Leader State Gardener! Ukraine's political territorial integrity must be respected,Turkey,no,0,political,no,0,political,TRUE,TRUE,TRUE,yes,0,political,FALSE,TRUE,TRUE,yes,0,political,TRUE,TRUE,TRUE
,,,,,,,,,,,,,,,,,,,,,,,,,,,,,,,,,
,,,,,,,,,,,,,,,,negative,32,,,,,,34,,,,,,,,,,
,,,,,,,,,,,,,,,,neutral,46,,,,,,61,,,,,,,,,,
,,,,,,,,,,,,,,,,positive,22,,,,,,5,,,,,,,,,,
,,,,,,,,,,,,,,,,,,,,,,,,,,,,,,,,,
,,,,,,,,,,,,,,,,,economic,19,,,,,,16,,,,,,,,,
,,,,,,,,,,,,,,,,,military,27,,,,,,25,,,,,,,,,
,,,,,,,,,,,,,,,,,political,41,,,,,,42,,,,,,,,,
,,,,,,,,,,,,,,,,,culture,5,,,,,,7,,,,,,,,,
,,,,,,,,,,,,,,,,,other,8,,,,,,10,,,,,,,,,
