"","date_publish","source_domain","country","title_translated","first_two_sentences","Russian.Involvement","Sentiment","Topic","date_publish_continuous","has_time","date_publish_probabilistic","sentiment_clean","topic_clean","treatment","running","running_continuous","running_probabilistic","state_owned","indicator","csto","nato","neutral","high_russia"
"9899",2022-02-25,"1in.am","Armenia","Putin is ready to send an order to fight with Ukraine.","Russia's President Vladimir Putin is ready to send a Russian order to fight with Ukraine.","Russian","Negative","Military",2022-02-25 12:00:00,FALSE,2022-02-25 08:33:43.224108,-1,"Military",1,1,129600,117223.224107504,0,3,1,0,0,0
"53749",2022-04-11,"trthaber.com","Turkey","TRT News views the destruction in Mikolayiv, Ukraine","One of the cities of Ukraine, the target of Russia's attacks, is Mikolayiv... the port city in the south of the country has been devastated by bombings. The TRT News team has seen the destruction of the governor's building on March 29th.","Russian","Negative","Military",2022-04-11 16:35:00,TRUE,2022-04-11 16:35:00,-1,"Military",1,46,4034100,4034100,1,4,0,1,0,0
"13685",2022-03-31,"nashaniva.by","Belarus","The railway officer was detained for transmitting a photo of the television channel.","Prospective television channels report the detention in Gomel province of 43-year-old Alexander Lucinovich, the reason being the transmission of a photo of Russian military equipment to the Belarushki Gayun television channel, which was declared extremist by an extremist group on 15 March.","Russian","Negative","Military",2022-03-31 14:50:27,TRUE,2022-03-31 14:50:27,-1,"Military",1,35,3077427,3077427,0,3,1,0,0,1
"18127",2022-03-11,"demokrata.hu","Hungary","Access to Instagram was restricted in Russia","Russian media and telecommunications surveillance (Roszkomnadzor) restricted access to Instagram in Russia on Friday, after the social network owner, the American Meta Platforms, agreed to allow the call for violence against the Russians. Roskomnadzor decided to block on the basis of a demand from the Attorney General after filing a court action to prohibit the status and activity of the Meta Platforms extremist organization, hatred","Russian","Negative","Other",2022-03-11 16:42:00,TRUE,2022-03-11 16:42:00,-1,"Other",1,15,1356120,1356120,0,3,0,1,0,0
"8119",2022-05-08,"zerkalo.az","Azerbaijan","Ukrainian troops went on a counter-offensive near Zaporizhiya and in Kharkiv direction","The Ukrainian armed forces have successfully counter-attacked in Zaporozhsk province, as reported by the Zaporozhskaya OGA press service. ""The enemy has not conducted any active fighting in the Zaporozhsk region.","Russian","Negative","Military",2022-05-08 11:36:53,TRUE,2022-05-08 11:36:53,-1,"Military",1,73,6349013,6349013,0,3,1,0,0,0
"48629",2022-02-24,"lajme.rtsh.al","Albania","Russian assault on Ukraine, 7 casualties reported","Ukrainian police have announced that seven people have so far lost their lives in the bombing taken by Russian forces, officials say an attack on a military unit in Podilsk, on the outskirts of Odessa, has taken six people's lives and injured seven others.19 persons have disappeared reportedly and dozens injured, another person has lost his life in the city of Mariupol.","Russian","Negative","Military",2022-02-24 12:00:00,FALSE,2022-02-24 19:06:25.687991,-1,"Military",1,0,43200,68785.6879906654,1,4,0,1,0,0
"3075",2022-08-18,"panorama.com.al","Albania","Russia considers UN proposal for demilitarisation of the plant in Zaporija unacceptable","Moscow has rejected a proposal by UN Secretary General Antonio Guterres to demilitarise the area around the nuclear power plant in Zaporizja, south of Ukraine. The Russians have taken control of this area shortly after the start of the war in Ukraine on February 24th.During a press conference on August 18th, Russian Foreign Ministry spokesman Ivan Nechaev has said the proposals are unacceptable.","Russian","Negative","Military",2022-08-18 16:28:00,TRUE,2022-08-18 16:28:00,-1,"Military",1,175,15179280,15179280,0,3,0,1,0,0
"717",2022-01-22,"panorama.com.al","Albania","Deadly weapons promised by Joe Biden arrive in Ukraine, CNN: American Embassy seeks evacuation of staff amid fear of war","The United States has sent deadly weapons to Ukraine in the midst of the peak of tensions that have caused the growing conflict with Russia. In a Twitter post, the US Embassy in Kier says that among the aides there are ammunition for Ukrainian first-line defenders.","Russian","Negative","Military",2022-01-22 14:52:00,TRUE,2022-01-22 14:52:00,-1,"Military",0,-33,-2797680,-2797680,0,1,0,1,0,0
"33839",2022-02-27,"sabah.com.tr","Turkey","At the last minute, during the 4th day of the Russian Ukrainian War, Zelenski made a flash statement: we filed a lawsuit, come to trial next week.","On the 4th day of the Russian Ukrainian war, the conflict in Ukraine continues without slowing down. Finally, a city of Ukraine has fallen, while in Harkov, where the explosions have not stopped since morning, Ukrainian forces have managed to repel Russian troops.","Russian","Negative","Military",2022-02-27 14:03:30,TRUE,2022-02-27 14:03:30,-1,"Military",1,3,309810,309810,0,3,0,1,0,0
"8287",2022-06-06,"zerkalo.az","Azerbaijan","India and Europe renounce Russian diamonds","Russia continues to lose key commodity markets against the backdrop of sanctions imposed after the invasion of Ukraine. Following the difficulties in the oil market, the collapse of gas exports and grains, Alrosa, the world's largest diamond producer, accounting for 29 per cent of the global carat market.","Russian","Negative","Economic",2022-06-06 11:08:48,TRUE,2022-06-06 11:08:48,-1,"Economic",1,102,8852928,8852928,0,3,1,0,0,0
"29353",2022-04-24,"unimedia.info","Moldova","(photo) Ou de Pashti from a picture of war, the joy of the Ukrainian Rade: ""There are still more of them""","“There are only letters left” (N.N. only the Ouá de Pašti left us), wrote the official institution of Kiev.Russia attacked Ukraine on 24 February 2022, announcing a “denasification and demilitarisation operation”.","Russian","Negative","Culture",2022-04-24 12:29:12,TRUE,2022-04-24 12:29:12,-1,"Culture",1,59,5142552,5142552,0,3,0,0,1,1
"15626",2021-10-14,"168.hu","Hungary","The daily number of infected and dead has fallen to the record in Russia","Almost a thousand people died in one day of the coronal virus complications. In the last day, 31,299 new infected were registered, and 986 people died from the complications of the covid-19 disease caused by the coronal virus.","Russian","Negative","Health",2021-10-14 15:39:00,TRUE,2021-10-14 15:39:00,-1,"Other",0,-133,-11434860,-11434860,0,1,0,1,0,0
"54464",2022-08-04,"trthaber.com","Turkey","Gazprom: There's no way to recover the North Stream gas turbine","As Western countries continue their sanctions towards Russia due to their attack on Ukraine, Gazprom, a Russian state energy company, launched maintenance operations on the North Stream 1 pipeline, where gas flow was provided to Europe on July 27th. Gasprom said the gas crisis would continue to increase.","Russian","Negative","Economic",2022-08-04 06:58:00,TRUE,2022-08-04 06:58:00,-1,"Economic",1,161,13935480,13935480,1,4,0,1,0,0
"35274",2022-02-27,"sozcu.com.tr","Turkey","New developments in the Ukrainian-Russian war: troops trying to invade Kiev were destroyed","New development in the Ukrainian-Russia war: Units trying to invade Kiev have been destroyed. Following the decision to negotiate between Ukrainian Foreign Minister Dimitro Kuleba, Russia-Ukraina, ▪A preconditioned ultimatum with Russia is already a victory.","Russian","Negative","Military",2022-02-27 17:22:43,TRUE,2022-02-27 17:22:43,-1,"Military",1,3,321763,321763,0,3,0,1,0,0
"2433",2022-05-18,"panorama.com.al","Albania","War in Ukraine/Find over 1,000 dead civilians in Kiev region","Almost a thousand civilians have been found dead in the Kiev region during the Russian invasion of Ukraine.] Exactly, we have troops of 1288 people killed.I'm telling you, civilians say Andrey Nyebytov, head of the Kiev Region Police, reports Interfax-Ukraine news agency.","Russian","Negative","Military",2022-05-18 16:27:00,TRUE,2022-05-18 16:27:00,-1,"Military",1,83,7230420,7230420,0,3,0,1,0,0
"17293",2022-08-30,"168.hu","Hungary","The Gazprom started shutting down the gas tap again.","Due to disagreements with the Russian energy company Gazprom's contract, Engie announced from Tuesday that it would reduce the volume of gas intended for the global energy service provider, which is the largest gas supplier in France. A few weeks ago, Gazprom reported that it reduced its exports of gas to non-FS countries by 36.2 percent and 78.5 billion cubic metres in the first seven and a half months of this year.","Russian","Negative","Economic",2022-08-30 10:54:00,TRUE,2022-08-30 10:54:00,-1,"Economic",1,187,16196040,16196040,0,3,0,1,0,0
"59",2021-11-06,"gazetatema.net","Albania","Europe fell into the hole it opened itself: poker game that lost to Russia and the effects of the energy crisis","Murphy's Law says: ""Whatever may go wrong, it will go wrong.A proverbial word also says, ""Well, it's going to be better at night."" And this second proverb, Europe is doing it in its natural gas supply position and things aren't going well.""","Russian","Negative","Economic",2021-11-06,TRUE,2021-11-06,-1,"Economic",0,-110,-9504000,-9504000,0,1,0,1,0,0
"45012",2022-04-05,"balkaninsight.com","Serbia","Ukraine War Threatens Food Security in Western Balkans","Russia’s attack on Ukraine has sent shockwaves throughout the globe, rocking world energy markets and causing the worst refugee crisis in Europe since World War II. The ripple effects from the war may soon be felt in the area of food security as well, and Western Balkan countries are bracing for impact.","Russian","Negative","Economic",2022-04-05 06:09:50,TRUE,2022-04-05 06:09:50,-1,"Economic",1,40,3478190,3478190,0,3,0,0,1,0
"9032",2022-02-22,"168.am","Armenia","The 351 message from RD Petdema will focus on the UN’s sanctions","Euramism will limit punishments against 351 journalists of the Russian Supreme Court and 27 other natural and legal persons, Donetske and Luganski, excluded from Ukraine.","Russian","Negative","Political",2022-02-22 12:00:00,FALSE,2022-02-22 22:07:38.41912,-1,"Political",0,-2,-129600,-93141.5808796883,0,1,1,0,0,0
"2049",2022-04-19,"panorama.com.al","Albania","Mariupoli may fall to Russia within days/European official makes the strong warning: There will be more casualties than in Bucha","A European official has indicated that the city of Marioupolis could fall fully into Russia's hands in the coming days. In a proposal for Reuters, the official who has not been identified, has declared that Russia intends to fully conquer Marioupoli by May 9th, the date when Moscow marked the defeat of Nazi Germany in 1945.","Russian","Negative","Military",2022-04-19 21:19:00,TRUE,2022-04-19 21:19:00,-1,"Military",1,54,4742340,4742340,0,3,0,1,0,0
"35634",2022-03-20,"sozcu.com.tr","Turkey","They're sending civilians to Russia by force.","On the 25th day of the war between Russia and Ukraine, a dramatic claim came... that those living in Mariupol were forced to go to Russian lands. Sozcu.com.","Russian","Negative","Military",2022-03-20 09:00:58,TRUE,2022-03-20 09:00:58,-1,"Military",1,24,2106058,2106058,0,3,0,1,0,0
"12244",2022-07-23,"azatutyun.am","Armenia","A number of cities have been destroyed in Ukraine, including Chárcho and Nicolaus","On Sunday night and in the morning, the Russian army has carried out a series of terrorist attacks on Ukraine's cities, particularly in Croatia and Nicaragua.","Russian","Negative","Military",2022-07-23 08:17:13,TRUE,2022-07-23 08:17:13,-1,"Military",1,149,12903433,12903433,0,3,1,0,0,0
"44580",2022-04-10,"kosova-sot.info","Kosovo","Stoltenberg speaks of NATO plan after recent developments in Ukraine","NATO Secretary General Jens Stoltenberg says the alliance is in the midst of a very fundamental transformation that will reflect the long-term consequences of Vladimir Putin's war in Ukraine.In the interview, Stoltenberg says NATO is planning a permanent military presence on its border as an attempt to combat future Russian aggression, writes BBC.The Stoltenberg adds that his focus is on ensuring that Allies are in place.","Russian","Negative","Military",2022-04-10 14:16:27,TRUE,2022-04-10 14:16:27,-1,"Military",1,45,3939387,3939387,0,3,0,0,1,0
"35381",2022-02-24,"sozcu.com.tr","Turkey","Zelanskiy: I requested a phone call with Putin. Answer, silence.","Zelenskiy: I requested a phone call with Putin. The answer is silence.","Russian","Negative","Political",2022-02-24 03:25:42,TRUE,2022-02-24 03:25:42,-1,"Political",1,0,12342,12342,0,3,0,1,0,0
"29533",2022-08-07,"voceabasarabiei.md","Moldova","Russians intensify attacks in Donetsk. Zelenski requires more modern weapons","Russian forces in Donetík have increased in intensity in the last hours of Sunday, while Ukrainian President Volodimir Zelenski asked the West for more weapons so that his forces could respond to invasives.In his daily video message, Zelenski","Russian","Negative","Military",2022-08-07 12:43:08,TRUE,2022-08-07 12:43:08,-1,"Military",1,164,14215388,14215388,0,3,0,0,1,1
"22031",2022-02-26,"botasot.info","Kosovo","Missile attack on a palace in Kiev, sightings of residents evacuating","Ukraine's Interior Ministry has published images of the apartment building in Kiev that was damaged early Saturday by Russian attacks, which show emergency workers helping evacuate residents.The photos show some completely broken apartment units, their outer walls and windows lack an open hole on the side of the building.","Russian","Negative","Military",2022-02-26 08:53:00,TRUE,2022-02-26 08:53:00,-1,"Military",1,2,204780,204780,0,3,0,0,1,0
"35615",2022-03-21,"sozcu.com.tr","Turkey","This is the first time he said ""Referendum"" about Russia's ultimatums!","Zelenskiy (a statement on Russia's ultimatums)! For the first time, the Ukrainian President Vladimir Zelenskiy said they would not be able to meet the ultimatums that Russia imposed on Ukraine.","Russian","Negative","Political",2022-03-21 22:55:28,TRUE,2022-03-21 22:55:28,-1,"Political",1,25,2242528,2242528,0,3,0,1,0,0
"37397",2022-02-23,"t24.com.tr","Turkey","Companies from Biden doing North Stream 2 projects","US President Joe Biden has announced that they are going to sanction the firm and its officials doing Project North Stream 2. Biden has made a written statement that the United States has been working for a strong and common response to Russia since the day he started massing troops at the Russian border.","Russian","Negative","Economic",2022-02-23 22:41:00,TRUE,2022-02-23 22:41:00,-1,"Economic",0,-1,-4740,-4740,0,1,0,1,0,0
"14227",2022-05-12,"nashaniva.by","Belarus","In Latvia, One Classrooms and VKontakte will be blocked.","With regard to the sanctions adopted by the European Union, access to Russian social networks ""Vkontakte"" (vk.com), ""One Classics"" (ok.ru) and ""My World"" (my.mail.ru) will be restricted on the territory of Latvia. This decision was taken by the National Council for Electronic Media, Rus.lsm.lv.","Not","Negative","Political",2022-05-12 20:55:40,TRUE,2022-05-12 20:55:40,-1,"Political",1,77,6728140,6728140,0,3,1,0,0,1
"45104",2021-10-29,"juznevesti.com","Serbia","Russia, fire and trial: Prison sentences for those responsible for the deaths of 60 people in a tragedy in a shopping center in a Siberian city","A Russian court has imposed long prison sentences on managers and fire chiefs guilty of hell at a leisure center that killed 60 people.\n The fire engulfed the upper floor of the Winter Cherry shopping center in March 2018 in the Siberian city of Kemerovo.\n The cause is a short circuit in the lighting in the children's playroom, and 37 children were killed.\n Eight people were sentenced to prison on Friday.\n Three more criminal proceedings are underway in connection with the fire.\n The investigation established that Julia Bogdanova, the former director of the company that owned the shopping center, and other managers violated the regulations on fire protection in the shopping center, where there were also children's playrooms and a cinema.\n Bogdanova was sentenced to 14 years in prison, while Nadezhda Sudenok, executive director of Winter Cherry, which ran the mall, was sentenced to 13 and a half years.\n Six others were also jailed for the tragedy:\n Prosecutors said Bogdanova ignored fire protection rules to save money.\n Sudenok and Soboljev helped her in that.\n Polozinenko knew about the security shortcomings and asked Bogdanova to pay for the improvements, but she refused, prosecutors said.\n Polozinenko then failed to report the neglect.\n Watch the video of the accident\n Bogdanova, Sudenok, Soboljev and Polozinenko admitted partial guilt for the tragedy.\n Their lawyers said they would appeal the sentence, the Tas news agency reported.\n Prosecutors said security chief Antjushin saw the fire break out through security cameras, but turned off the fire alarm and failed to rescue people trapped behind exits he knew were locked.\n Many of those who died were stuck in","Russian","Negative","Other",2021-10-29 15:47:00,TRUE,2021-10-29 15:47:00,-1,"Other",0,-118,-10138380,-10138380,0,1,0,0,1,0
"18144",2022-03-01,"demokrata.hu","Hungary","Lavrov: the presence of American nuclear weapons in Europe is unacceptable","It is unacceptable for Russia to have a U.S. nuclear weapon in the territory of several European countries, as stated by Russian Foreign Minister Sergei Lavrov in his video message at the Geneva Disarmament Conference. Lavrov, who was unable to travel to the site because of the European airlock on Russian aircraft, said on video that the European stationing of American nuclear weapons would violate the nuclear non-proliferation agreement.","Russian","Negative","Political",2022-03-01 15:40:00,TRUE,2022-03-01 15:40:00,-1,"Political",1,5,488400,488400,0,3,0,1,0,0
"21717",2021-11-02,"botasot.info","Kosovo","Beden criticises Russia, China for not participating in Klimma Summit","The American President Joe Biden has said that historic progress has been achieved at the UN Summit on Climate, and that the leaders of China and Russia have made a huge mistake not to participate in the organization held in Glasgou, speaking at a conference after the second day of the summit, Biden has highlighted the new efforts to stop deforestation until the end of the decade, to reduce Methane emissions for investment","Russian","Negative","Other",2021-11-02 22:49:00,TRUE,2021-11-02 22:49:00,-1,"Other",0,-114,-9767460,-9767460,0,1,0,0,1,0
"48675",2022-03-14,"lajme.rtsh.al","Albania","War in Ukraine, Putin seeks military assistance from China! U.S.A.: There will be consequences","Moscow has asked Beijing for weapons and financial assistance after the invasion of Ukraine. It turns out that the White House is concerned that China can undermine Western efforts to help Ukraine, according to sources quoted by The Washington Post and Financial Times.","Russian","Negative","Military",2022-03-14 12:00:00,FALSE,2022-03-14 20:34:28.513512,-1,"Military",1,18,1598400,1629268.5135119,1,4,0,1,0,0
"49556",2022-02-05,"magyarnemzet.hu","Hungary","During Trump's presidency, there was peace","We felt that the United States, NATO, and international Balliberal media would provoke Putin and Russia with all their power to attack Ukraine, which could result in Russia being struck by sanctions that could economically destroy it, and thus achieve a dual goal between America and the global elite behind it: Russia is not closely linked to China or the Union.","Not","Negative","Political",2022-02-05,TRUE,2022-02-05,-1,"Political",0,-19,-1641600,-1641600,1,2,0,1,0,0
"31108",2022-04-12,"danas.rs","Serbia","A large column of Russian military vehicles is moving in the direction of Donbas","The video, which is spreading on social networks, shows a large column of Russian military vehicles near Matvev Kurgan, a settlement in the Russian region of Rostov. The geographical location of the video was determined by CNN.","Russian","Negative","Military",2022-04-12 11:56:00,TRUE,2022-04-12 11:56:00,-1,"Military",1,47,4103760,4103760,0,3,0,0,1,0
"27674",2022-03-09,"timpul.md","Moldova","Russia's economy is at the peak of the collapse. The Central Bank of Moscow imposes drastic valuation restrictions","The central bank ordered commercial banks from the country to record the amount that customers can draw from their deposits at $10,000. Any excess of this amount should be deducted in cash at the current exchange rate.In addition, b","Russian","Negative","Economic",2022-03-09 13:00:00,TRUE,2022-03-09 13:00:00,-1,"Economic",1,13,1170000,1170000,0,3,0,0,1,1
"42966",2022-03-03,"balkaninsight.com","Kosovo","Bulgarian Expulsion of Alleged Russian Spies Dismissed as 'PR Stunt'","The expulsion from Bulgaria of two Russian diplomats suspected of espionage has been widely interpreted by local politicians as a publicity stunt for Chief Prosecutor Ivan Geshev, whose removal is sought by the current reformist government. “It’s a game for fools, a smokescreen”, Boyko Noev, Bulgarian Defence Minister from 1994 to 1995 and 1999 to 2001, said on television on Thursday, dismissing the move as a stunt.","Russian","Negative","Political",2022-03-03 14:18:46,TRUE,2022-03-03 14:18:46,-1,"Political",1,7,656326,656326,0,3,0,0,1,0
"30559",2022-03-31,"danas.rs","Serbia","Chief of the British General Staff: Putin has already lost the war in Ukraine","The head of the British army says that Russian President Vladimir Putin \""has already lost the war in Ukraine and that Putin is weaker than he was before the invasion.\"" Moscow's goal is to \""occupy the whole of Ukraine.\"" But he added that next week \""will continue to be very difficult for Ukraine.\"" However, in many ways, Putin has already lost, he said. \""Far from being a far-sighted manipulator of events that we would like to believe, Putin has harmed himself with a series of catastrophically wrong","Russian","Negative","Military",2022-03-31 22:39:00,TRUE,2022-03-31 22:39:00,-1,"Military",1,35,3105540,3105540,0,3,0,0,1,0
"50926",2022-02-22,"qazaqstan.tv","Kazakhstan","The United States and Europe will issue sanctions for Russia","Western countries are preparing to impose sanctions against Russia. The United States, the United Kingdom, and the EuroOdak countries are currently in the process of issuing restrictions.","Russian","Negative","Political",2022-02-22 12:00:00,FALSE,2022-02-22 11:47:01.43137,-1,"Political",0,-2,-129600,-130378.568629503,1,2,1,0,0,1
"25749",2022-07-21,"botasot.info","Kosovo","Lavrov: Russia's goals in Ukraine are no longer limited in Donbas","Russia's special military operation targets in Ukraine are no longer limited in the Donbas region, but include a number of other regions, Russian Foreign Minister Sergei Lavrov said, according to Reuters. Lavrov added that Russia's intentions would be further expanded if the West continues to supply Ukraine with long-range weapons.When Russia invaded Ukraine on February 24th, President Vladimir Putin denied any intention to invade territories.","Russian","Negative","Political",2022-07-21 06:39:00,TRUE,2022-07-21 06:39:00,-1,"Political",1,147,12724740,12724740,0,3,0,0,1,0
"46170",2022-04-13,"rs.n1info.com","Serbia","Vereshchuk: Today we are not opening humanitarian corridors, we are forced to abstain","There will be no corridor for the evacuation of civilians in Ukraine today, said the Deputy Prime Minister of that country, Irina Vereshchuk, in a statement. Vereshchuk blamed Russian troops for creating a dangerous situation along the route.","Russian","Negative","Military",2022-04-13 06:43:13,TRUE,2022-04-13 06:43:13,-1,"Military",1,48,4171393,4171393,0,3,0,0,1,0
"31496",2022-05-01,"danas.rs","Serbia","Russian Ministry: Ukrainian forces shelled villages near Kherson","Russia's Defense Ministry said today that Ukrainian civilians were killed and injured in the shelling of Ukrainian forces in the southern region of Kherson. RIA Novosti.Reuters reported that Russian forces announced this after rocket attacks on the southern and eastern regions of Ukraine, stating that some civilians managed to leave the Azovstal steel plant in Mariupol, a city under Russian siege.","Russian","Negative","Military",2022-05-01 09:43:00,TRUE,2022-05-01 09:43:00,-1,"Military",1,66,5737380,5737380,0,3,0,0,1,0
"11735",2022-03-29,"azatutyun.am","Armenia","The Russians once again hit Ukraine with a large amount of fuel","General Igor Konashenko, a Russian defense agent, said today that in the Ukraine’s train at Rono’s train last night, the right blasts of nuclear power stations destroyed fuel","Russian","Negative","Military",2022-03-29 11:52:00,TRUE,2022-03-29 11:52:00,-1,"Military",1,33,2893920,2893920,0,3,1,0,0,0
"31564",2022-05-26,"danas.rs","Serbia","De-Ukrainization in Mariupol: Russians installed mobile TV propaganda, children abolished holidays","The Russian forces that occupied Mariupol have decided to cancel the summer vacation so that the students can master the Russian program, said today the mayor's adviser Petro Andryushchenko. \""Children will have classes in Russian language and literature, Russian history and mathematics all summer.","Russian","Negative","Culture",2022-05-26 19:27:00,TRUE,2022-05-26 19:27:00,-1,"Culture",1,91,7932420,7932420,0,3,0,0,1,0
"28806",2022-08-04,"timpul.md","Moldova","The Russians are confused with two Ukrainian “strong” articles. Zelenski: La Piski and Avdiivka is an idiot. It cannot be described in words","The Russians have decided most likely to attack Avdiivka Frontal in the occupied territory of the Donetsk region, without waiting for the Ukrainian forces to withdraw from their defence positions prepared after the Russian forces' attempt plans","Russian","Negative","Military",2022-08-04 08:20:35,TRUE,2022-08-04 08:20:35,-1,"Military",1,161,13940435,13940435,0,3,0,0,1,1
"39699",2022-03-15,"sb.by","Belarus","Political scientist on fairy news about events in Ukraine: they are published to influence the audience's consciousness","Russia's military operation in Ukraine has been going on for almost three weeks: events have changed the world's situation dramatically and have shown what an information war is, and over a million fairies have been distributed on Ukrainian social media about Russia's special operation, and this has been commented on by a political scientist, the head of the Eurasian Analytical Club, an expert of the Russian Council for International Affairs, Nikita Mendkovic, on the television channel Belarus 1.","Russian","Negative","Military",2022-03-15 12:50:07,TRUE,2022-03-15 12:50:07,-1,"Military",1,19,1687807,1687807,1,4,1,0,0,1
"46615",2022-06-12,"rs.n1info.com","Serbia","Energoatom: Re-established connection between the Zaporozhye nuclear power plant and the IAEA","The connection between the Ukrainian nuclear power plant Zaporozhye in the south of the country, which has been under Russian control since the beginning of March, and the International Atomic Energy Agency (IAEA) was re-established after almost a month and a half of interruption, Ukrainian operator Energoatom announced. since the Russians cut off the Ukrainian mobile phone operator Vodafone in Energodar, the place where the headquarters, with which the IAEA had contact and data transfer, the company Enrgoatom stated in a statement.","Russian","Negative","Other",2022-06-12 09:17:58,TRUE,2022-06-12 09:17:58,-1,"Other",1,108,9364678,9364678,0,3,0,0,1,0
"40346",2022-05-23,"sb.by","Belarus","The expert explained how the US was trying to prevent CSTO from strengthening.","A summit of CSTO leaders was held in Moscow a week ago, followed by seemingly unbelievable but important news: American officials are visiting Central Asia. According to political scientist Alexei Dzermant, the United States is determined to disorient regional politicians and to break them apart.","Russian","Negative","Political",2022-05-23 14:29:00,TRUE,2022-05-23 14:29:00,-1,"Political",1,88,7655340,7655340,1,4,1,0,0,1
"46079",2022-03-19,"rs.n1info.com","Serbia","Airstrikes on Nikolaev, fighting for Mariupol, escaped 3.3 million people","It is the twenty-fourth day of the war in Ukraine. In a night video address, Ukrainian President Volodymyr Zelensky called for meaningful peace and security talks with Moscow, saying it was Russia's only chance to limit the damage from its mistakes after the invasion, otherwise it would take generations to recover from losses suffered during the war.","Russian","Negative","Military",2022-03-19 06:35:20,TRUE,2022-03-19 06:35:20,-1,"Military",1,23,2010920,2010920,0,3,0,0,1,0
"47983",2022-04-27,"azertag.az","Azerbaijan","“ The U.S. has damaged 60 million dollars in Russia because they stop working in Russia","“ The UNT [U.S] dealt with the loss of the activity in Russia, over 60 million inches (U.S.A.), the U.S.A., a report by COPE) reports about the complexity of a loved one, about 31 billion years ago, and from March, there are about 31 percent of the content of this complex information.","Russian","Negative","Economic",2022-04-27 12:29:00,TRUE,2022-04-27 12:29:00,-1,"Economic",1,62,5401740,5401740,1,4,1,0,0,0
"32283",2022-08-13,"danas.rs","Serbia","Ukraine and Russia: Ukrainian nuclear power plant workers claim Russian soldiers are 'holding them at gunpoint'","Employees of the nuclear power plant in Ukraine's Zaporozhye claim for the BBC that Russian soldiers are \""holding them at gunpoint and that Russian troops are using the plant as a military base. Russian forces have been controlling this site, the largest nuclear power plant in Europe, since the beginning of March.","Russian","Negative","Military",2022-08-13 10:45:00,TRUE,2022-08-13 10:45:00,-1,"Military",1,170,14726700,14726700,0,3,0,0,1,0
"29354",2022-04-27,"unimedia.info","Moldova","""Ukraine - ready to face an attack by Russian troops in Transnistria"". Zelenski: We are aware that Russia is trying to destabilize the situation in the region","""President Volodimir Zelenski is aware that the Russian Federation is trying to destabilize the situation in the Transnistria region. Ukrainian armed forces are ready for a possible attack by Russian troops on the territory of Moldova occupied by this one.""","Russian","Negative","Military",2022-04-27 11:29:29,TRUE,2022-04-27 11:29:29,-1,"Military",1,62,5398169,5398169,0,3,0,0,1,1
"42683",2022-01-04,"georgiatoday.ge","Georgia","US Embassy: Ruling Party Undermined Government Accountability by Abolishing State Inspector Service","
The US Embassy Tbilisi published a statement noting the ruling party undermined government accountability by abolishing the State Inspector Service, which is mandated to investigate police abuse and protect data privacy, undermined the independence of individual judges by amending the Law on Common Courts, and undermined faith in the judiciary by appointing yet another Supreme Court judge using a flawed selection process. The Embassy claimed no credible reasons were provided to the public for why these actions needed to be rushed through without appropriate consultation.","Not","Negative","Political",2022-01-04,TRUE,2022-01-04,-1,"Political",0,-51,-4406400,-4406400,0,1,0,0,1,1
"35528",2022-03-30,"sozcu.com.tr","Turkey","The Russian-Ukraine war... there are bodies in the streets of Irpin.","The Russian-Ukraina war... there are bodies on the streets in Irpin Å near Kiev. A promising statement from Russia following the talks in Istanbul yesterday, but the images taken at Irpin, which were at the bottom of Kiev, terrified the international public.","Russian","Negative","Military",2022-03-30 08:14:53,TRUE,2022-03-30 08:14:53,-1,"Military",1,34,2967293,2967293,0,3,0,1,0,0
"30475",2022-03-05,"danas.rs","Serbia","The evacuation from Mariupol has been stopped, Zelenski claims that Russia launched a counterattack on Kharkov","The evacuation of Mariupol residents has been postponed due to multiple Russian breaches of the ceasefire, the city government said today. Consolidation of its defense.","Russian","Negative","Military",2022-03-05 17:29:00,TRUE,2022-03-05 17:29:00,-1,"Military",1,9,840540,840540,0,3,0,0,1,0
"52408",2022-06-09,"top-channel.tv","Albania","The Open Balkans, Boomci at Top Story: Vucic can be a friend!","Former President Aldo Bumci, invited to Top Story this Thursday, said that the relationship between Serbian President Aleksandar Vucic and Albanian Prime Minister Edi Rama is propaganda and that there is no agreement in the best of Albanians among them. Europe launched the project that the crimes of Nazism were condemned, Serbia does not condemn crimes, Rama fears to pass the resolution to the Parliament, Serbia has no guarantees but has Russia and China","Russian","Negative","Political",2022-06-09 23:02:00,TRUE,2022-06-09 23:02:00,-1,"Political",1,105,9154920,9154920,1,4,0,1,0,0
"22603",2022-02-22,"botasot.info","Kosovo","EU imposes sanctions on Putin, Borrell: Will greatly harm Russia","European Union member states have unanimously approved the imposing of sanctions on Russian officials over their actions in Ukraine, French Foreign Minister Jean-Yves Le Drian said. Meanwhile, EU diplomacy chief Josep Borrell said the package of sanctions adopted Tuesday would harm Russia and damage it very much.According to him, the sanctions would affect members of the Low Chamber of the Lows on Tuesday.","Russian","Negative","Political",2022-02-22 20:38:00,TRUE,2022-02-22 20:38:00,-1,"Political",0,-2,-98520,-98520,0,1,0,0,1,0
"32663",2022-04-17,"diken.com.tr","Turkey","Orhan Bursali: Ukraine invasion for Russia, far beyond security objective","There are two aspects of Putin. First, in the US/NATO war strategy, Russia is the archenemy on the Western front.","Russian","Negative","Political",2022-04-17 10:36:09,TRUE,2022-04-17 10:36:09,-1,"Political",1,52,4530969,4530969,0,3,0,1,0,0
"46558",2022-05-23,"rs.n1info.com","Serbia","Ivanji: How much do the sanctions cost, if we introduce nothing from the friendly price of gas","The editor of the portal of the weekly Vreme, Andrej Ivanji, told H1 that the government is pursuing a marketing policy, not a state one, and that it would be most normal for the citizens to calm down and come up with a plan and program. \""I am sure that sanctions against Russia would cost Serbia a lot, if we introduce sanctions, nothing from the friendly price of gas.","Russian","Negative","Economic",2022-05-23 11:24:14,TRUE,2022-05-23 11:24:14,-1,"Economic",1,88,7644254,7644254,0,3,0,0,1,0
"15105",2022-02-26,"novychas.by","Belarus","The Luschen and the War in Ukraine: what are the results?","""Dawsul, until the start of the Russian war against Ukraine, is official. Minsk at the level of rites took a more radical and aggressive position relatively.","Russian","Negative","Military",2022-02-26 15:27:33,TRUE,2022-02-26 15:27:33,-1,"Military",1,2,228453,228453,0,3,1,0,0,1
"50304",2022-07-12,"magyarnemzet.hu","Hungary","Continued bombing in Harkiv and Mikolajiv, Ukrainian advance in the south","On Tuesday the Russian forces again attacked the second most populous city of Ukraine, Harkiv in the eastern part of the country, Mikolajiv in the south, where civilians also fell victim,"" said the governors of the counties concerned.Vitalij Kim, Governor of Mikolajiv County, said that at least twelve were injured as a result of the Russian attack on the center of the region.","Russian","Negative","Military",2022-07-12 16:28:13,TRUE,2022-07-12 16:28:13,-1,"Military",1,138,11982493,11982493,1,4,0,1,0,0
"38166",2022-04-13,"t24.com.tr","Turkey","Bild: Zelenski denies German President's request to come to Kiev on grounds of 'close ties with Russia'","T24 Foreign News. Ukrainian President Volodomir Zelenski said on Wednesday that German President Frank-Walter Steinmeier had rejected his request to visit the capital, Kiev, along with other European leaders.","Russian","Negative","Political",2022-04-13 08:53:00,TRUE,2022-04-13 08:53:00,-1,"Political",1,48,4179180,4179180,0,3,0,1,0,0
"9359",2022-06-24,"168.am","Armenia","Chechnya has decided not to visit Russia and Belarus until the end of March 2023","The Czech Russians and the Belarusians will not be able to give their records and life certificates until the end of March 2023. The U.S. decision has protected the country's government.","Russian","Negative","Political",2022-06-24 12:00:00,FALSE,2022-06-24 16:13:33.878113,-1,"Political",1,120,10411200,10426413.8781128,0,3,1,0,0,0
"51734",2022-05-22,"rtklive.com","Kosovo","Ukraine rejects ceasefire involving land giving","THE Polish president, Andreze Duda, has arrived on Sunday in Kiev and has become the first head of a state to have been addressed to the Ukrainian Parliament, since Russia has begun its invasion in this state on 24 February.Duda has called on Ukraine not to surrender to Russian President Vladimir Putin's demands, and Ukraine alone has the right to decide on its future, he has told lawmakers nothing about you without you.","Russian","Negative","Military",2022-05-22 23:12:00,TRUE,2022-05-22 23:12:00,-1,"Military",1,87,7600320,7600320,1,4,0,0,1,0
"14250",2022-05-09,"nashaniva.by","Belarus","There's information on the war in Ukraine on TV program in Russia.","The hackers hacked the Russian TV schedule on the networks Rostelecoma, Yandex, MTS and NTV Plus... instead of the TV shows and their descriptions, there's information in the program about the war in Ukraine.","Russian","Negative","Other",2022-05-09 10:00:20,TRUE,2022-05-09 10:00:20,-1,"Other",1,74,6429620,6429620,0,3,1,0,0,1
"6990",2022-02-16,"zerkalo.az","Azerbaijan","In the U.S., they said that Russian hackers had infiltrated key sites in Ukraine.","hackers associated with the Russian Government have been able to access the computer network of the Ministry of Defence, the Ministry of Energy and other Ukrainian agencies, reports The Washington Post. According to a source of the publication, a senior official of the American administration, Moscow is now able to suspend electricity, transport, financial system and telecommunications in Ukraine.","Russian","Negative","Other",2022-02-16 09:45:58,TRUE,2022-02-16 09:45:58,-1,"Other",0,-8,-656042,-656042,0,1,1,0,0,0
"32593",2022-03-28,"diken.com.tr","Turkey","NATO's giant exercise continues in Russia's neighbour Norway","NATO is continuing its largest operation of the last 30 years of ground, air and sea exercises in the cold weather conditions of Russia's neighbour Norway. Images from NATO exercise.","Russian","Negative","Military",2022-03-28 11:04:37,TRUE,2022-03-28 11:04:37,-1,"Military",1,32,2804677,2804677,0,3,0,1,0,0
"13043",2022-06-17,"golosarmenii.am","Armenia","Hachaturian claimed that Russia had pleaded guilty to the situation surrounding Parucha","The President recalled that problems had arisen in February and March towards the village of Paruch. ""In the circumstances still unexplained, in the presence of Russian peacekeepers, the Azerbaijanis were able to move forward, then they withdrew, but still occupied a certain territory,"" he said.","Russian","Negative","Political",2022-06-17 15:27:00,TRUE,2022-06-17 15:27:00,-1,"Political",1,113,9818820,9818820,0,3,1,0,0,0
"435",2022-08-16,"gazetatema.net","Albania","Taiwan: Beijing threatens US from Moscow","China's Liberation People's Army (PLA) is not afraid of its enemies and is willing to fight for the country's sovereignty amid United States' attempts to destabilise the Asia-Peacelor region, Chinese Defence Minister Wei Fenghe said on Tuesday.The chairman of the US House of Representatives, Nancy Pelos, recently visited Taiwan, which was a serious violation of China's sovereignty and territorial integrity.","Not","Negative","Political",2022-08-16 22:25:00,TRUE,2022-08-16 22:25:00,-1,"Political",1,173,15027900,15027900,0,3,0,1,0,0
"12979",2022-05-03,"golosarmenii.am","Armenia","THERE'S SOME NEWS AND... MORE THINGS","This, in accordance with the IMF's pronunciation, the KAVZAN AND CENTRAL ASIA (CAC) countries will be the most directly affected by the war and related sanctions, mainly through trade, remittances and financial ties with Russia and Ukraine. ""The deep recession in Russia and Ukraine and the restrictions imposed on international transactions and trade financing can cause a sharp decline in exports from KCAR to these countries.","Russian","Negative","Economic",2022-05-03 10:39:00,TRUE,2022-05-03 10:39:00,-1,"Economic",1,68,5913540,5913540,0,3,1,0,0,0
"16407",2022-03-21,"168.hu","Hungary","British intelligence has told us what the Russian army is up to.","The Russian forces do not give up their earlier plans. The United Kingdom Department of Defence claims that the Russian army continues to seek to seize and fence Kiev.","Russian","Negative","Military",2022-03-21 08:00:00,TRUE,2022-03-21 08:00:00,-1,"Military",1,25,2188800,2188800,0,3,0,1,0,0
"15181",2022-03-13,"novychas.by","Belarus","The death rate of Russian soldiers in Ukraine is higher than in China.","Schaigh and his general are not at all a soldier, so the level of mortality among the Russians was neither in the two Chechens nor in the Afghan War.","Russian","Negative","Military",2022-03-13 18:06:17,TRUE,2022-03-13 18:06:17,-1,"Military",1,17,1533977,1533977,0,3,1,0,0,1
"12721",2022-03-08,"golosarmenii.am","Armenia","FORCE POLYgonS","On the basis of the documents received on the agenda of the Russian Party from Ukrainian biolaboratories, the official representative of the Russian defence agency, Major-General Igor Konashenkokov, stated: ""The documents received confirm that biological weapons components were being developed in Ukrainian biolaboratories, in the immediate vicinity of Russian territory."" He said that the Ukrainian side had observed the military-related traces of military-related weapons as a matter of urgency.","Russian","Negative","Military",2022-03-08 09:58:00,TRUE,2022-03-08 09:58:00,-1,"Military",1,12,1072680,1072680,0,3,1,0,0,0
"13841",2022-03-14,"nashaniva.by","Belarus","The famous Russian director Timur Bekmambetov condemned the invasion of Ukraine","The filmmaker in Israel said in an interview with Deadline magazine, ""The world we used to live in fell apart at one point, it's terrible to see,"" said the Beckmambets. He also said that he was working on a documentary project called DWW1 on the digital side of the war, and said that he believed that it was justified for European film festivals not to show Russian films because of the invasion of Ukraine.","Russian","Negative","Culture",2022-03-14 12:08:18,TRUE,2022-03-14 12:08:18,-1,"Culture",1,18,1598898,1598898,0,3,1,0,0,1
"39104",2022-04-20,"nv-online.info","Belarus","SAP breaks up with Belarus","The German software developer for the SAP corporate sector has completely ceased to operate in Belarus and Russia. Previously, the company suspended new contracts, but continued to serve current customers.","Russian","Negative","Economic",2022-04-20 08:05:28,TRUE,2022-04-20 08:05:28,-1,"Economic",1,55,4781128,4781128,0,3,1,0,0,1
"22844",2022-03-24,"botasot.info","Kosovo","Russia takes hundreds of thousands of civilians hostage, Ukraine concerned about the fate of its citizens","Ukraine accused Moscow on Thursday of forcibly taking hundreds of thousands of civilians from Ukraine's destroyed cities in Russia, where some are being used as a hostage to pressure Kiev to surrender, the AP News reports, records ""The World Today,"" Lyudyla Denisova, Ukraine's Ombudsperson, said that 402,000 people, including 84,000 children, have been taken against their will.The Kremlin gave almost numbers.","Russian","Negative","Military",2022-03-24 22:40:00,TRUE,2022-03-24 22:40:00,-1,"Military",1,28,2500800,2500800,0,3,0,0,1,0
"31366",2022-05-08,"danas.rs","Serbia","Seveliyeva: Putin's ambitions ruined the significance of May 9","The celebration of May 9, as well as many other things, was ruined by Vladimir Putin's ambitions, claims Natalia Sevelieva, an associate in the Future of Russia initiative at the Center for European Policy Analysis. For decades, May 9 in Russia - Victory Day - was the day celebrated the heroism of the Soviet people, who paid such a huge price to end World War II.","Russian","Negative","Culture",2022-05-08 11:01:00,TRUE,2022-05-08 11:01:00,-1,"Culture",1,73,6346860,6346860,0,3,0,0,1,0
"38215",2022-04-16,"t24.com.tr","Turkey","Russian teams removed from FIFA 22 with new updates","In the new update, EA Sports released all Russian football clubs and Russian A national teams from FIFA 22 and announced that the decision had been taken as a reaction to Russia's invasion of Ukraine, which produced some of the world's best-selling sports games.","Russian","Negative","Culture",2022-04-16 15:26:00,TRUE,2022-04-16 15:26:00,-1,"Culture",1,51,4461960,4461960,0,3,0,1,0,0
"22626",2022-02-23,"botasot.info","Kosovo","Gerxhaliu: Russia-Ukraine crisis endangers financial capital of state, citizens of Kosovo","The situation created between Russia and Ukraine has concerned the whole world, as a possible war between the two states is at risk of spreading abroad, but this crisis is already affecting Kosovo, at least in the area of economics and finance.The recognition of economic issues, Safet Gerjaliu, said the biggest risk is financial markets.The Gerjaliu said that unfortunately in Kosovo this crisis is being overlooked and is not being treated as serious.","Russian","Negative","Economic",2022-02-23 16:31:00,TRUE,2022-02-23 16:31:00,-1,"Economic",0,-1,-26940,-26940,0,1,0,0,1,0
"49927",2022-04-11,"magyarnemzet.hu","Hungary","Zelensky asked South Korea for weapons.","Ukrainian President Volodomir Zelensky asked for military equipment from South Korea in his video message to the South Korean Parliament on Monday., Ukraine needs a variety of military technology from airplanes to tanks. South Korea can help us, said Zelensky.","Russian","Negative","Military",2022-04-11 11:08:17,TRUE,2022-04-11 11:08:17,-1,"Military",1,46,4014497,4014497,1,4,0,1,0,0
"27899",2022-04-12,"timpul.md","Moldova","Summer forecast for Putin: Russia's economy will record a historical survey","Russia's economy is about to contract with more than 10% in 2022, the largest drop in gross domestic product in the years following the fall of the Soviet Union in 1991, said former finance minister Alexei Kudrin, quoted by Reuters. Russia faces inflation","Russian","Negative","Economic",2022-04-12 17:34:31,TRUE,2022-04-12 17:34:31,-1,"Economic",1,47,4124071,4124071,0,3,0,0,1,1
"52532",2021-11-11,"trthaber.com","Turkey","Russia: US acts aggressively in the Black Sea","In a written statement from the Russian Ministry of Defence, the United States and NATO have observed an increase in military activities in the Black Sea. The statement suggested that Russia has been tracking and detecting four NATO reconnaissance planes in the last 24 hours.","Russian","Negative","Military",2021-11-11 17:28:00,TRUE,2021-11-11 17:28:00,-1,"Military",0,-105,-9009120,-9009120,1,2,0,1,0,0
"17513",2022-03-22,"24.hu","Hungary","Another nine years of prison sentence for Russian opposition politician Navalny","Russian opposition politician Alexei Navalnij was found guilty of fraud by CNN. According to the AFP, Vladimir Putin's main political opponent was sentenced to 9 years in prison.","Russian","Negative","Political",2022-03-22 09:18:39,TRUE,2022-03-22 09:18:39,-1,"Political",1,26,2279919,2279919,0,3,0,1,0,0
"39365",2021-12-10,"sb.by","Belarus","In Ukraine, they announced the preparation of a military provocation against Russia",","" he wrote. So the Ukrainian deputy thinks they're trying to kill two birds: the West will have reason to impose new sanctions on Russia and try to block the ""North Flow – 2"" and the Kiev authorities will be able ""to write down their failures, hunger and colds to war"" Western media reports that Russia is allegedly preparing an invasion of Ukraine at the end of January, the deputy called the first stage of this provocation, stressing","Not","Negative","Political",2021-12-10 10:10:26,TRUE,2021-12-10 10:10:26,-1,"Political",0,-76,-6529774,-6529774,1,2,1,0,0,1
"53128",2022-03-30,"trthaber.com","Turkey","Russia will respond to Belgium's decision on diplomats","The Russian Embassy responded to the Belgian government's declaration of ""unwanted"" from Russia's embassy in Brussels yesterday on the charges of espionage of 21 Russian diplomats from the consulate in Antwerp. According to the embassy, Russian Ambassador Alexander Tokovin rejected espionage charges as ""unsolicited.""","Russian","Negative","Political",2022-03-30 12:00:00,TRUE,2022-03-30 12:00:00,-1,"Political",1,34,2980800,2980800,1,4,0,1,0,0
"17607",2022-04-07,"24.hu","Hungary","Ukrainian Foreign Affairs spokesperson sent a message, Russia was suspended in a UN council","Bodies were found during the ruins in Borogyanka village, northwest of Kiev, by Oleksij Kuleba, head of the humanitarian center of the Ukrainian capital region. The settlement was during a month during the invasion of Russian troops fighting Ukraine.","Russian","Negative","Military",2022-04-07 06:22:32,TRUE,2022-04-07 06:22:32,-1,"Military",1,42,3651752,3651752,0,3,0,1,0,0
"912",2022-02-16,"panorama.com.al","Albania","They're gonna hit him pretty hard, the Kremlin knows about this...","The European Commission's chairman has warned Russia that EU sanctions could strike hard while urging the Kremlin not to choose the war instead of diplomacy.In a speech to the European Parliament in Strasbourg, Ursula von der Leyen said EU institutions and member states were working on a powerful and comprehensive cymphat of possible sanctions in co-operation with the US, Great Britain and Britain","Russian","Negative","Political",2022-02-16 15:16:00,TRUE,2022-02-16 15:16:00,-1,"Political",0,-8,-636240,-636240,0,1,0,1,0,0
"33072",2022-03-17,"posta.com.tr","Turkey","Queen Elizabeth to Russia art boycott","The official art collection of the Queen of England was included in the cultural boycott for Russia. The Queen was not approved for the three historic swords intended for Russia.","Russian","Negative","Culture",2022-03-17 08:03:00,TRUE,2022-03-17 08:03:00,-1,"Culture",1,21,1843380,1843380,0,3,0,1,0,0
"36999",2022-01-26,"t24.com.tr","Turkey","Biden: Personal sanctions can be applied to Putin","Western leaders in the past have been avoiding the threat of personal sanctions against Putin. T24 Foreign News President Joe Biden said that if Russia invades Ukraine, they might consider applying personal sanctions to President Vladimir Putin.","Russian","Negative","Political",2022-01-26 11:31:00,TRUE,2022-01-26 11:31:00,-1,"Political",0,-29,-2464140,-2464140,0,1,0,1,0,0
"27579",2022-03-22,"timpul.md","Moldova","A servant from Kiev, detained by the Ukrainian police: He is suspected of sabotage and cooperation with the Russian army","According to a Ukrainian police communiqué, the man proved to be a supporter of Russian military actions in Ukraine. More, his apartment would have found and confiscated material evidence of possible involvement in spying activities and his","Russian","Negative","Military",2022-03-22 12:44:00,TRUE,2022-03-22 12:44:00,-1,"Military",1,26,2292240,2292240,0,3,0,0,1,1
"41574",2022-03-08,"ambebi.ge","Georgia","Russia still does not forget Lugar's laboratory - Russian lieutenant general claims that swine fever, which is spreading in Russia, turns out to have been brought to Georgia","Russia is still not running Lugar's laboratory in Georgia. In 2007, the African swine fever strain was brought to the Pentagon-affiliated Georgian Biological Laboratory with increased transmissibility, and its spread caused significant economic damage to a number of countries, including Ukraine and Poland, and they excluded pork e.","Russian","Negative","Other",2022-03-08 06:11:00,TRUE,2022-03-08 06:11:00,-1,"Other",1,12,1059060,1059060,0,3,0,0,1,1
"25416",2022-06-18,"botasot.info","Kosovo","Klitschko: Russians are dying for Putin's ambitions","Kiev Mayor Vitaly Klitschko has said Russian citizens will eventually realise that their young soldiers are dying for nothing more than Russian President Vladimir Putin's ambitions.The former world boxing champion in heavy weights was attending the funeral of a renowned 24-year-old anti-corruption activist when the comments were made.","Russian","Negative","Political",2022-06-18 23:47:00,TRUE,2022-06-18 23:47:00,-1,"Political",1,114,9935220,9935220,0,3,0,0,1,0
"8425",2022-07-27,"zerkalo.az","Azerbaijan","Netanyahu accused the Prime Minister and the Minister of Defense of Israel of having a crisis with the Russian Federation","The former Israeli Prime Minister and leader of the Likud Party, Binyamin Netanyahu, stated that the crisis in Israel's relations with the Russian Federation could lead to a threat to national security, transmitting TASS. ""We are in the midst of a dangerous crisis in Russia's and Israel's relations,"" he said.","Russian","Negative","Political",2022-07-27 05:00:02,TRUE,2022-07-27 05:00:02,-1,"Political",1,153,13237202,13237202,0,3,1,0,0,0
"1294",2022-03-09,"panorama.com.al","Albania","The war in Ukraine, the Kremlin increases pressure, the Russians start leaving the country!","As Russia faces unprecedented West sanctions due to Ukraine's invasion and the Kremlin is increasing domestic pressure on anyone questioning Moscow's war, Alexei, a Russian citizen who works in the media, decided it was time to leave the state.I therefore felt an urgent need to leave my state, Alexei, told Radio Free Europe, who refused to be identified by the full name.","Russian","Negative","Other",2022-03-09 13:04:00,TRUE,2022-03-09 13:04:00,-1,"Other",1,13,1170240,1170240,0,3,0,1,0,0
"5741",2022-06-06,"azeritimes.com","Azerbaijan","British Foreign Secretary: Russian army may be withdrawn from Ukraine shortly","The Ukrainian army can destroy the Russian military throughout the country, British Foreign Secretary Liz Truss said in an interview with BBC Radio, Report informs. “This may happen in the near future.","Not","Negative","Military",2022-06-06 12:00:00,FALSE,2022-06-06 20:00:23.019411,-1,"Military",1,102,8856000,8884823.01941061,0,3,1,0,0,0
"6633",2021-12-10,"zerkalo.az","Azerbaijan","Biden has angered NATO because of dialogue with Russia.","The Eastern European countries have criticized President Joe Biden's offer to open a dialogue between Russia and NATO on the situation around Ukraine, and Bloomberg reports with reference to an unnamed diplomat. According to the agency, such an appeal was made to the leaders of several North Atlantic Alliance members.","Not","Negative","Political",2021-12-10 06:15:49,TRUE,2021-12-10 06:15:49,-1,"Political",0,-76,-6543851,-6543851,0,1,1,0,0,0
"48064",2021-10-16,"en.armradio.am","Armenia","Under UN Charter, Armenia has the right to repel attack on its territorial integrity and sovereignty by all means - MFA","According to the UN Charter, the Republic of Armenia has the right to repel the use of force against its territorial integrity and sovereignty by all means, the Armenian Ministry of Foreign Affairs said in a statement.“Today, on November 16, the Armed Forces of Azerbaijan attacked in the eastern direction of the border of the Republic of Armenia and infiltrated into the sovereign territory of the Republic of Armenia. The offensive military operations of the Azerbaijani side resulted in human losses,” the Ministry said.","Not","Negative","Political",2021-10-16,TRUE,2021-10-16,-1,"Political",0,-131,-11318400,-11318400,1,2,1,0,0,0
"41825",2022-03-17,"ambebi.ge","Georgia","Biden called Putin a \""war criminal\"" and the Kremlin called the US president's statement \""unforgivable\"" harsh","US President Joe Biden has been a vocal critic of Russian President Vladimir Putin since and after his presidency. He does not shy away from publicly denouncing Putin as a \""murderer\"" and has now called him a \""war criminal.\"" He used the phrase in his assessment of Putin.","Russian","Negative","Political",2022-03-17 06:31:00,TRUE,2022-03-17 06:31:00,-1,"Political",1,21,1837860,1837860,0,3,0,0,1,1
"28351",2022-05-29,"timpul.md","Moldova","The Guardian: The legacy is under threat: Russia is robbing museums of Ukraine","When the Russian invasion of Ukraine began, the director of the Melitopol regional museum in the south-east of the country, Leila Ibrahimov, agreed to hide the treasure of gold artifacts from ancient Scythia. Only a few weeks later, she was abducted and interrogated by Russian forces.","Russian","Negative","Military",2022-05-29 04:02:14,TRUE,2022-05-29 04:02:14,-1,"Military",1,94,8136134,8136134,0,3,0,0,1,1
"51854",2022-06-17,"rtklive.com","Kosovo","Russian warship violated Danish territory","A Russian battleship has violated Danish territory, in Bornholm, on the night towards Friday.As the Danish Armed Forces reveal, Russian ships have again violated territory several hours later, report Scandinavian media. There is a deeply irresponsible, grave and totally unacceptable Russian provocation.","Russian","Negative","Military",2022-06-17 14:48:00,TRUE,2022-06-17 14:48:00,-1,"Military",1,113,9816480,9816480,1,4,0,0,1,0
